ID,FECHA,AÑO,MES,HORA,pos x,pos y,TIPO_DE_CALLE,COMUNA,VICTIMA,ACUSADO,N_VICTIMAS,ROL,SEXO,EDAD
2016-0001,2016-01-01,2016,1,04:00:00,-58.47533969,-34.68757022,AVENIDA,8,MOTO,AUTO,1,CONDUCTOR,MASCULINO,19
2016-0002,2016-01-02,2016,1,01:15:00,-58.50877521,-34.66977709,GRAL PAZ,9,AUTO,PASAJEROS,1,CONDUCTOR,MASCULINO,70
2016-0003,2016-01-03,2016,1,07:00:00,-58.39040293,-34.63189362,AVENIDA,1,MOTO,AUTO,1,CONDUCTOR,MASCULINO,30
2016-0004,2016-01-10,2016,1,00:00:00,-58.46503904,-34.68092974,AVENIDA,8,MOTO,SD,1,CONDUCTOR,MASCULINO,18
2016-0005,2016-01-21,2016,1,05:20:00,-58.38718297,-34.6224663,AVENIDA,1,MOTO,PASAJEROS,1,CONDUCTOR,MASCULINO,29
2016-0008,2016-01-24,2016,1,18:30:00,-58.44451316,-34.68475866,AVENIDA,8,MOTO,OBJETO FIJO,1,CONDUCTOR,MASCULINO,30
2016-0009,2016-01-24,2016,1,19:10:00,-58.50095869,-34.6082544,CALLE,11,MOTO,AUTO,1,PASAJERO_ACOMPAÑANTE,MASCULINO,29
2016-0010,2016-01-29,2016,1,15:20:00,-58.50877521,-34.66977709,GRAL PAZ,9,MOTO,AUTO,1,CONDUCTOR,MASCULINO,18
2016-0012,2016-02-08,2016,2,01:20:00,-58.38048577,-34.61303893,AVENIDA,1,MOTO,CARGAS,1,CONDUCTOR,MASCULINO,22
2016-0013,2016-02-10,2016,2,11:30:00,-58.39114932,-34.62477387,AVENIDA,1,PEATON,AUTO,1,PEATON,MASCULINO,16
2016-0015,2016-02-14,2016,2,05:14:00,-58.4376002,-34.59912758,AVENIDA,15,PEATON,AUTO,1,PEATON,FEMENINO,16
2016-0016,2016-02-14,2016,2,22:00:00,-58.36882665,-34.64291993,AVENIDA,4,MOTO,AUTO,1,PASAJERO_ACOMPAÑANTE,FEMENINO,19
2016-0017,2016-02-15,2016,2,16:54:00,-58.44989671,-34.65970435,AVENIDA,8,PEATON,MOTO,1,PEATON,MASCULINO,59
2016-0019,2016-02-17,2016,2,09:30:00,-58.50990884,-34.65468721,CALLE,9,PEATON,PASAJEROS,1,PEATON,FEMENINO,65
2016-0020,2016-02-17,2016,2,16:00:00,-58.37952223,-34.60653282,CALLE,1,PEATON,AUTO,1,PEATON,MASCULINO,59
2016-0021,2016-02-17,2016,2,23:35:00,-58.45157703,-34.63063795,AVENIDA,7,AUTO,AUTO,1,CONDUCTOR,MASCULINO,34
2016-0022,2016-02-21,2016,2,06:00:00,-58.38144696,-34.61079875,AVENIDA,1,MOTO,AUTO,1,PASAJERO_ACOMPAÑANTE,MASCULINO,41
2016-0025,2016-02-28,2016,2,04:50:00,-58.46244952,-34.70524971,GRAL PAZ,8,AUTO,AUTO,1,PASAJERO_ACOMPAÑANTE,MASCULINO,34
2016-0026,2016-02-28,2016,2,07:30:00,-58.49216191,-34.54738649,CALLE,12,AUTO,OBJETO FIJO,1,CONDUCTOR,MASCULINO,30
2016-0027,2016-02-28,2016,2,09:35:00,-58.44497874,-34.63852623,AVENIDA,7,AUTO,AUTO,1,PASAJERO_ACOMPAÑANTE,MASCULINO,34
2016-0028,2016-03-02,2016,3,10:00:00,-58.38199706,-34.60028648,AVENIDA,1,PEATON,CARGAS,1,PEATON,MASCULINO,50
2016-0029,2016-03-04,2016,3,17:30:00,-58.47378664,-34.54153077,AVENIDA,12,PEATON,PASAJEROS,1,PEATON,MASCULINO,38
2016-0031,2016-03-08,2016,3,12:30:00,-58.47064556,-34.69843756,GRAL PAZ,8,MOTO,PASAJEROS,1,CONDUCTOR,MASCULINO,21
2016-0034,2016-03-12,2016,3,12:30:00,-58.40623949,-34.65076549,AVENIDA,4,PEATON,PASAJEROS,1,PEATON,MASCULINO,52
2016-0035,2016-03-13,2016,3,06:00:00,-58.39228965,-34.60443527,AVENIDA,3,MOTO,PASAJEROS,1,CONDUCTOR,MASCULINO,34
2016-0036,2016-03-14,2016,3,00:15:00,-58.37813396,-34.63668504,CALLE,4,MOTO,PASAJEROS,1,PASAJERO_ACOMPAÑANTE,MASCULINO,36
2016-0037,2016-03-19,2016,3,11:00:00,-58.46275892,-34.64358293,AVENIDA,7,MOTO,MOTO,1,CONDUCTOR,MASCULINO,20
2016-0038,2016-03-21,2016,3,08:06:00,-58.49683458,-34.67892743,GRAL PAZ,8,PEATON,PASAJEROS,1,PEATON,MASCULINO,29
2016-0039,2016-03-23,2016,3,01:50:00,-58.40603217,-34.6088396,AVENIDA,3,MOTO,PASAJEROS,1,CONDUCTOR,MASCULINO,20
2016-0041,2016-03-29,2016,3,11:00:00,-58.4607655,-34.63350444,AVENIDA,7,MOTO,CARGAS,2,CONDUCTOR,MASCULINO,54
2016-0041,2016-03-29,2016,3,11:00:00,-58.4607655,-34.63350444,AVENIDA,7,MOTO,CARGAS,2,PASAJERO_ACOMPAÑANTE,MASCULINO,SD
2016-0043,2016-03-30,2016,3,18:15:00,-58.47832463,-34.67494416,AVENIDA,8,PEATON,CARGAS,1,PEATON,FEMENINO,56
2016-0044,2016-03-31,2016,3,19:40:00,-58.43213235,-34.63693953,AVENIDA,7,MOTO,MULTIPLE,1,CONDUCTOR,MASCULINO,24
2016-0045,2016-04-11,2016,4,10:25:00,-58.46743471,-34.53476874,GRAL PAZ,13,MOTO,SD,1,CONDUCTOR,MASCULINO,SD
2016-0047,2016-04-15,2016,4,05:30:00,-58.38247061,-34.62571878,CALLE,1,PEATON,PASAJEROS,1,PEATON,MASCULINO,41
2016-0048,2016-04-15,2016,4,17:40:00,-58.44759966,-34.5917024,AVENIDA,15,PEATON,PASAJEROS,1,PEATON,FEMENINO,SD
2016-0049,2016-04-17,2016,4,00:00:00,-58.37714647568196,-34.63657525428238,AUTOPISTA,4,SD,SD,1,SD,SD,SD
2016-0050,2016-04-19,2016,4,09:50:00,-58.47305463,-34.68550712,AVENIDA,8,PEATON,PASAJEROS,1,PEATON,MASCULINO,78
2016-0051,2016-04-20,2016,4,04:00:00,-58.40623949,-34.65076549,AVENIDA,4,MOTO,CARGAS,1,CONDUCTOR,MASCULINO,36
2016-0052,2016-04-20,2016,4,20:00:00,0.0,0.0,AUTOPISTA,13,MOTO,SD,1,SD,SD,SD
2016-0053,2016-04-22,2016,4,09:30:00,-58.4842918,-34.57558053,AVENIDA,12,PEATON,PASAJEROS,1,PEATON,MASCULINO,38
2016-0054,2016-04-23,2016,4,21:00:00,-58.48695354,-34.68795245,AUTOPISTA,8,MOTO,MOTO,1,CONDUCTOR,MASCULINO,30
2016-0055,2016-04-25,2016,4,20:30:00,-58.40021959,-34.57964781,AVENIDA,14,PEATON,CARGAS,1,PEATON,MASCULINO,79
2016-0056,2016-04-26,2016,4,04:45:00,-58.42957885,-34.57660058,AVENIDA,14,MOTO,OBJETO FIJO,1,CONDUCTOR,MASCULINO,26
2016-0058,2016-05-04,2016,5,14:00:00,-58.38247542,-34.62556293,CALLE,1,PEATON,MOTO,1,PEATON,FEMENINO,57
2016-0059,2016-05-08,2016,5,16:30:00,-58.38222219,-34.62728101,CALLE,1,PEATON,PASAJEROS,1,PEATON,MASCULINO,37
2016-0064,2016-05-14,2016,5,18:11:00,-58.49485242,-34.62953445,AVENIDA,10,PEATON,PASAJEROS,1,PEATON,MASCULINO,20
2016-0065,2016-05-20,2016,5,14:40:00,-58.45227946,-34.61068024,AVENIDA,6,PEATON,AUTO,1,PEATON,MASCULINO,20
2016-0067,2016-05-21,2016,5,17:00:00,-58.48455411,-34.6751276,AVENIDA,8,MOTO,PASAJEROS,1,PASAJERO_ACOMPAÑANTE,FEMENINO,30
2016-0068,2016-05-22,2016,5,22:00:00,-58.39056593,-34.58418569,AVENIDA,2,MOTO,PASAJEROS,1,CONDUCTOR,MASCULINO,58
2016-0069,2016-05-23,2016,5,03:30:00,-58.39118948,-34.62704273,AVENIDA,3,AUTO,CARGAS,1,CONDUCTOR,MASCULINO,30
2016-0073,2016-06-11,2016,6,15:00:00,-58.49021952,-34.62025108,CALLE,10,MOTO,CARGAS,1,CONDUCTOR,MASCULINO,23
2016-0074,2016-06-12,2016,6,06:40:00,-58.49896559,-34.67732118,GRAL PAZ,8,AUTO,AUTO,1,CONDUCTOR,MASCULINO,60
2016-0075,2016-06-12,2016,6,23:13:00,-58.47461076,-34.66874679,AUTOPISTA,8,PEATON,AUTO,1,PEATON,MASCULINO,42
2016-0076,2016-06-13,2016,6,16:20:00,-58.46210891,-34.60356211,AVENIDA,15,PEATON,PASAJEROS,1,PEATON,FEMENINO,53
2016-0077,2016-06-13,2016,6,21:52:00,-58.3702777,-34.60536123,AVENIDA,1,PEATON,PASAJEROS,1,PEATON,FEMENINO,SD
2016-0078,2016-06-13,2016,6,23:01:00,-58.40491455,-34.6146383,AVENIDA,3,MOTO,MOTO,1,CONDUCTOR,MASCULINO,30
2016-0079,2016-06-16,2016,6,17:13:00,-58.45504154,-34.54864492,AVENIDA,13,AUTO,AUTO,1,CONDUCTOR,FEMENINO,51
2016-0080,2016-06-18,2016,6,06:42:00,-58.52927982,-34.63931752,GRAL PAZ,9,AUTO,SD,1,CONDUCTOR,MASCULINO,60
2016-0081,2016-06-22,2016,6,07:42:00,-58.4872106,-34.55904606,AVENIDA,12,MOTO,AUTO,1,CONDUCTOR,MASCULINO,40
2016-0082,2016-06-27,2016,6,18:24:00,-58.42273092,-34.64228803,AVENIDA,4,PEATON,AUTO,1,PEATON,MASCULINO,87
2016-0083,2016-06-28,2016,6,20:46:00,-58.44788671,-34.62539009,AVENIDA,6,PEATON,MOTO,1,PEATON,FEMENINO,76
2016-0084,2016-06-29,2016,6,22:00:00,-58.38110563,-34.60135531,CALLE,1,PEATON,PASAJEROS,1,PEATON,MASCULINO,57
2016-0085,2016-06-29,2016,6,22:00:00,-58.42378834,-34.657341,AVENIDA,4,MOTO,OTRO,1,SD,MASCULINO,SD
2016-0086,2016-06-30,2016,6,16:10:00,-58.48727942,-34.63652467,AVENIDA,10,PEATON,PASAJEROS,1,PEATON,MASCULINO,75
2016-0087,2016-07-02,2016,7,00:10:00,-58.37864583,-34.62907067,AUTOPISTA,1,MOTO,OBJETO FIJO,1,CONDUCTOR,MASCULINO,23
2016-0088,2016-07-11,2016,7,15:30:00,-58.5015175,-34.56767549,CALLE,12,PEATON,AUTO,1,PEATON,FEMENINO,70
2016-0089,2016-07-14,2016,7,06:40:00,-58.43233425,-34.55185825,AUTOPISTA,13,PEATON,AUTO,1,PEATON,MASCULINO,35
2016-0090,2016-07-14,2016,7,22:00:00,-58.41971993,-34.6111224,AVENIDA,5,PEATON,PASAJEROS,1,PEATON,MASCULINO,60
2016-0092,2016-07-15,2016,7,11:00:00,-58.46743471,-34.53476874,GRAL PAZ,13,MOTO,CARGAS,1,CONDUCTOR,MASCULINO,24
2016-0093,2016-07-17,2016,7,03:30:00,-58.44362126,-34.62301748,AVENIDA,6,AUTO,AUTO,1,CONDUCTOR,MASCULINO,35
2016-0095,2016-07-23,2016,7,06:12:00,-58.51713095,-34.59546519,AVENIDA,11,MOTO,AUTO,1,CONDUCTOR,MASCULINO,29
2016-0096,2016-07-25,2016,7,07:00:00,-58.47433193007387,-34.66684950051973,AUTOPISTA,8,MOTO,CARGAS,1,CONDUCTOR,MASCULINO,SD
2016-0097,2016-07-26,2016,7,18:45:00,-58.39038605,-34.6156281,CALLE,1,PEATON,AUTO,1,PEATON,MASCULINO,80
2016-0098,2016-07-27,2016,7,16:08:00,-58.40042405,-34.62356174,AVENIDA,3,MOTO,CARGAS,1,CONDUCTOR,FEMENINO,43
2016-0099,2016-07-29,2016,7,16:00:00,-58.52340614,-34.59798754,GRAL PAZ,11,CARGAS,CARGAS,1,CONDUCTOR,MASCULINO,45
2016-0100,2016-08-03,2016,8,23:27:00,-58.49491054,-34.54795581,GRAL PAZ,12,MOTO,OBJETO FIJO,1,CONDUCTOR,MASCULINO,57
2016-0101,2016-08-07,2016,8,19:42:00,-58.52932872,-34.65014993,GRAL PAZ,9,SD,SD,1,SD,MASCULINO,67
2016-0102,2016-08-10,2016,8,23:37:00,-58.50011639,-34.67316502,AVENIDA,9,MOTO,CARGAS,1,CONDUCTOR,MASCULINO,29
2016-0104,2016-08-14,2016,8,21:15:00,-58.46635001,-34.65624369,AVENIDA,9,MOTO,PASAJEROS,1,CONDUCTOR,MASCULINO,21
2016-0105,2016-08-17,2016,8,00:05:00,-58.45343236,-34.58435809,AVENIDA,15,PEATON,PASAJEROS,1,PEATON,MASCULINO,19
2016-0106,2016-08-19,2016,8,21:02:00,-58.38090932,-34.58927731,AVENIDA,1,PEATON,PASAJEROS,1,PEATON,MASCULINO,38
2016-0107,2016-08-20,2016,8,08:22:00,-58.37157668,-34.65429986,AUTOPISTA,4,MOTO,AUTO,1,CONDUCTOR,MASCULINO,21
2016-0109,2016-08-24,2016,8,05:45:00,-58.52280139,-34.63659934,AUTOPISTA,9,AUTO,OBJETO FIJO,1,CONDUCTOR,FEMENINO,53
2016-0110,2016-08-24,2016,8,20:21:00,-58.51232237,-34.6590353,AVENIDA,9,PEATON,SD,1,PEATON,MASCULINO,57
2016-0111,2016-08-25,2016,8,09:30:00,-58.47461905,-34.57663634,AUTOPISTA,15,MOTO,CARGAS,1,CONDUCTOR,MASCULINO,27
2016-0112,2016-08-27,2016,8,04:40:00,-58.38268809,-34.62282019,AUTOPISTA,1,MOTO,OBJETO FIJO,1,CONDUCTOR,MASCULINO,24
2016-0113,2016-08-27,2016,8,16:45:00,-58.49603546,-34.64564271,AVENIDA,9,PEATON,PASAJEROS,1,PEATON,FEMENINO,60
2016-0114,2016-08-31,2016,8,11:20:00,-58.41848605,-34.59394733,CALLE,14,BICICLETA,CARGAS,1,CICLISTA,FEMENINO,55
2016-0115,2016-09-02,2016,9,11:50:00,-58.48935041,-34.54917673,CALLE,12,SD,CARGAS,1,SD,MASCULINO,SD
2016-0116,2016-09-02,2016,9,20:20:00,-58.44451316,-34.68475866,AVENIDA,8,MOTO,AUTO,1,CONDUCTOR,MASCULINO,30
2016-0117,2016-09-03,2016,9,15:30:00,-58.39936478,-34.58271474,AVENIDA,14,AUTO,AUTO,1,CONDUCTOR,MASCULINO,43
2016-0118,2016-09-04,2016,9,03:30:00,-58.37936704,-34.62694503,AUTOPISTA,1,AUTO,AUTO,1,CONDUCTOR,MASCULINO,27
2016-0119,2016-09-04,2016,9,06:40:00,-58.49659234,-34.56353635,AVENIDA,12,SD,SD,1,PASAJERO_ACOMPAÑANTE,FEMENINO,SD
2016-0122,2016-09-13,2016,9,07:10:00,-58.47256391,-34.65194557,AVENIDA,9,BICICLETA,PASAJEROS,1,CICLISTA,MASCULINO,49
2016-0123,2016-09-14,2016,9,09:00:00,-58.45130953,-34.64053676,AVENIDA,7,MOTO,AUTO,1,CONDUCTOR,FEMENINO,58
2016-0124,2016-09-16,2016,9,15:24:00,-58.46271207,-34.62884871,AVENIDA,7,PEATON,PASAJEROS,1,PEATON,MASCULINO,67
2016-0125,2016-09-17,2016,9,12:14:00,-58.49020869,-34.64243791,AUTOPISTA,10,MOTO,MOTO,1,CONDUCTOR,MASCULINO,30
2016-0126,2016-09-18,2016,9,22:45:00,-58.52572109,-34.62125906,CALLE,10,AUTO,CARGAS,2,CONDUCTOR,MASCULINO,37
2016-0126,2016-09-18,2016,9,22:45:00,-58.52572109,-34.62125906,CALLE,10,AUTO,CARGAS,2,PASAJERO_ACOMPAÑANTE,MASCULINO,60
2016-0127,2016-09-24,2016,9,10:25:00,-58.44094791,-34.66677111,AVENIDA,8,PEATON,PASAJEROS,1,PEATON,MASCULINO,50
2016-0128,2016-10-02,2016,10,11:30:00,-58.41914024,-34.6305389,AVENIDA,5,PEATON,PASAJEROS,1,PEATON,FEMENINO,81
2016-0130,2016-10-04,2016,10,12:30:00,-58.37910942,-34.62764717,AUTOPISTA,1,MOTO,CARGAS,1,CONDUCTOR,MASCULINO,29
2016-0131,2016-10-09,2016,10,19:13:00,-58.39871183,-34.64539318,CALLE,4,PEATON,AUTO,1,PEATON,MASCULINO,35
2016-0132,2016-10-10,2016,10,02:30:00,-58.41036975,-34.62477021,AVENIDA,3,AUTO,PASAJEROS,1,PASAJERO_ACOMPAÑANTE,MASCULINO,30
2016-0133,2016-10-14,2016,10,00:05:00,-58.40204698,-34.5834269,AVENIDA,14,MOTO,AUTO,1,CONDUCTOR,MASCULINO,41
2016-0134,2016-10-23,2016,10,05:00:00,-58.48935287,-34.67648597,AVENIDA,8,MOTO,OBJETO FIJO,1,CONDUCTOR,MASCULINO,25
2016-0135,2016-10-24,2016,10,05:00:00,-58.42260225,-34.56403694,AVENIDA,14,PEATON,SD,1,PEATON,MASCULINO,29
2016-0136,2016-10-25,2016,10,00:00:00,0.0,0.0,AUTOPISTA,4,MOTO,CARGAS,1,CONDUCTOR,SD,SD
2016-0137,2016-10-25,2016,10,00:39:00,-58.51537091,-34.59035925,AVENIDA,11,MOTO,MOTO,1,CONDUCTOR,MASCULINO,30
2016-0138,2016-10-27,2016,10,20:30:00,-58.4590967,-34.55922742,AVENIDA,13,BICICLETA,CARGAS,1,CICLISTA,FEMENINO,33
2016-0139,2016-10-28,2016,10,23:00:00,-58.42008769,-34.56539579,AVENIDA,14,MOTO,MOTO,1,PASAJERO_ACOMPAÑANTE,FEMENINO,35
2016-0140,2016-10-31,2016,10,02:58:00,-58.45566399,-34.56147293,AVENIDA,13,PASAJEROS,PASAJEROS,1,PASAJERO_ACOMPAÑANTE,MASCULINO,20
2016-0142,2016-11-05,2016,11,23:30:00,-58.37533517,-34.59276462,AVENIDA,1,MOTO,PASAJEROS,1,CONDUCTOR,MASCULINO,46
2016-0143,2016-11-06,2016,11,04:41:00,-58.44451316,-34.68475866,AVENIDA,8,MOTO,SD,1,CONDUCTOR,MASCULINO,35
2016-0144,2016-11-07,2016,11,12:10:00,-58.35975012,-34.63343907,AVENIDA,4,PEATON,PASAJEROS,1,PEATON,MASCULINO,83
2016-0145,2016-11-07,2016,11,20:56:00,-58.44523595,-34.55953855,AVENIDA,13,MOTO,AUTO,1,CONDUCTOR,MASCULINO,39
2016-0146,2016-11-09,2016,11,20:00:00,-58.39626094,-34.63036565,AVENIDA,4,PEATON,PASAJEROS,1,PEATON,FEMENINO,29
2016-0147,2016-11-16,2016,11,21:15:00,-58.38896772,-34.61799615,AVENIDA,1,MOVIL,PASAJEROS,1,PASAJERO_ACOMPAÑANTE,MASCULINO,55
2016-0148,2016-11-16,2016,11,22:20:00,-58.46536113,-34.59484504,AVENIDA,15,MOTO,MOTO,1,CONDUCTOR,MASCULINO,SD
2016-0150,2016-11-18,2016,11,18:20:00,-58.40879146,-34.65273216,AVENIDA,4,CARGAS,CARGAS,1,PASAJERO_ACOMPAÑANTE,MASCULINO,41
2016-0151,2016-11-18,2016,11,20:35:00,0.0,0.0,CALLE,1,PEATON,SD,1,PEATON,SD,SD
2016-0152,2016-11-23,2016,11,21:10:00,-58.46451841,-34.64991946,AVENIDA,7,MOTO,AUTO,1,CONDUCTOR,MASCULINO,42
2016-0153,2016-11-25,2016,11,15:42:00,-58.4291709,-34.59485488,AVENIDA,15,PEATON,MOTO,1,PEATON,FEMENINO,83
2016-0154,2016-11-26,2016,11,14:14:00,-58.49007772,-34.68251141,GRAL PAZ,8,MOTO,MOTO,1,CONDUCTOR,MASCULINO,38
2016-0155,2016-11-26,2016,11,16:50:00,-58.52756365,-34.62772274,CALLE,10,PEATON,AUTO,1,PEATON,FEMENINO,29
2016-0156,2016-11-26,2016,11,19:40:00,-58.40638983,-34.61943202,AVENIDA,3,MOTO,PASAJEROS,1,CONDUCTOR,MASCULINO,23
2016-0157,2016-12-03,2016,12,06:40:00,-58.47576807,-34.61740997,AVENIDA,11,MOTO,MOTO,1,CONDUCTOR,MASCULINO,23
2016-0159,2016-12-04,2016,12,07:21:00,-58.44451316,-34.68475866,AVENIDA,8,AUTO,SD,1,CONDUCTOR,MASCULINO,23
2016-0160,2016-12-06,2016,12,05:30:00,-58.51927194,-34.63635787,AUTOPISTA,9,CARGAS,OBJETO FIJO,1,CONDUCTOR,MASCULINO,29
2016-0161,2016-12-06,2016,12,07:22:00,-58.42525456,-34.57866344,AVENIDA,14,PEATON,PASAJEROS,1,PEATON,MASCULINO,50
2016-0162,2016-12-07,2016,12,05:00:00,-58.45396573,-34.58518167,AVENIDA,15,PEATON,AUTO,1,PEATON,MASCULINO,38
2016-0163,2016-12-10,2016,12,07:30:00,-58.52340614,-34.59798754,GRAL PAZ,11,MOTO,AUTO,1,CONDUCTOR,MASCULINO,23
2016-0164,2016-12-11,2016,12,06:16:00,-58.42323628,-34.64119105,AVENIDA,4,AUTO,AUTO,1,CONDUCTOR,MASCULINO,29
2016-0165,2016-12-12,2016,12,08:25:00,-58.36926144,-34.62841919,AVENIDA,4,BICICLETA,PASAJEROS,1,CICLISTA,MASCULINO,37
2016-0168,2016-12-13,2016,12,10:40:00,-58.42323628,-34.64119105,AVENIDA,4,MOTO,AUTO,1,CONDUCTOR,MASCULINO,43
2016-0169,2016-12-15,2016,12,15:30:00,-58.47935434,-34.55676497,AVENIDA,12,MOTO,PASAJEROS,1,CONDUCTOR,MASCULINO,24
2016-0170,2016-12-19,2016,12,17:10:00,-58.50598256,-34.5637998,GRAL PAZ,12,MOTO,AUTO,1,PASAJERO_ACOMPAÑANTE,MASCULINO,21
2016-0171,2016-12-25,2016,12,19:00:00,-58.36607137,-34.62150748,AUTOPISTA,1,MOTO,MOTO,1,CONDUCTOR,SD,SD
2016-0172,2016-12-26,2016,12,08:00:00,-58.41918902,-34.63174259,AVENIDA,5,MOTO,CARGAS,1,CONDUCTOR,MASCULINO,38
2016-0173,2016-12-26,2016,12,19:52:00,-58.46749188,-34.63551751,AVENIDA,7,MOTO,CARGAS,1,CONDUCTOR,MASCULINO,35
2016-0174,2016-12-27,2016,12,00:00:00,0.0,0.0,AUTOPISTA,1,SD,SD,1,SD,SD,SD
2016-0175,2016-12-27,2016,12,08:15:00,-58.46064174,-34.62960517,CALLE,7,PEATON,BICICLETA,1,PEATON,FEMENINO,SD
2016-0176,2016-12-28,2016,12,01:41:00,-58.36956186,-34.61232875,AVENIDA,1,MOTO,PASAJEROS,1,CONDUCTOR,MASCULINO,28
2016-0177,2016-12-29,2016,12,04:00:00,-58.40966671,-34.58788235,CALLE,14,PEATON,AUTO,1,PEATON,FEMENINO,27
2016-0178,2016-12-30,2016,12,16:18:00,-58.40288226,-34.61544091,CALLE,3,PEATON,MULTIPLE,1,PEATON,FEMENINO,7
2017-0001,2017-01-02,2017,1,01:00:00,-58.4659423,-34.61028571,AVENIDA,11,MOTO,CARGAS,1,CONDUCTOR,MASCULINO,18
2017-0003,2017-01-05,2017,1,03:10:00,-58.38957669,-34.64410277,AVENIDA,4,CARGAS,CARGAS,1,PASAJERO_ACOMPAÑANTE,MASCULINO,33
2017-0007,2017-01-11,2017,1,17:00:00,-58.3816166,-34.61529543,CALLE,1,PEATON,MULTIPLE,1,PEATON,MASCULINO,48
2017-0008,2017-01-16,2017,1,00:40:00,-58.43917004,-34.58494351,CALLE,14,MOTO,PASAJEROS,1,CONDUCTOR,MASCULINO,29
2017-0009,2017-01-16,2017,1,13:56:00,-58.41595919,-34.62743346,AUTOPISTA,5,MOTO,CARGAS,1,CONDUCTOR,MASCULINO,36
2017-0010,2017-01-16,2017,1,16:30:00,-58.4356488,-34.62828656,AVENIDA,6,MOTO,AUTO,1,CONDUCTOR,MASCULINO,23
2017-0011,2017-01-22,2017,1,02:30:00,-58.5007381,-34.5497951,GRAL PAZ,12,MOTO,OBJETO FIJO,1,PASAJERO_ACOMPAÑANTE,FEMENINO,29
2017-0012,2017-01-24,2017,1,14:00:00,-58.40969005,-34.6505529,CALLE,4,MOTO,CARGAS,1,CONDUCTOR,MASCULINO,30
2017-0013,2017-01-27,2017,1,07:00:00,-58.38972622,-34.65098981,AVENIDA,4,PEATON,CARGAS,1,PEATON,MASCULINO,4
2017-0014,2017-01-28,2017,1,08:27:34,-58.49185972,-34.55046754,AVENIDA,12,MOTO,MULTIPLE,1,PASAJERO_ACOMPAÑANTE,FEMENINO,22
2017-0015,2017-02-02,2017,2,15:18:03,-58.39293417,-34.59963642,AVENIDA,2,PEATON,AUTO,1,PEATON,MASCULINO,82
2017-0016,2017-02-03,2017,2,05:12:21,-58.38099494,-34.62288231,AUTOPISTA,1,MOTO,CARGAS,1,CONDUCTOR,MASCULINO,27
2017-0017,2017-02-06,2017,2,08:00:00,-58.429012,-34.58095431,AVENIDA,14,MOTO,AUTO,1,CONDUCTOR,MASCULINO,32
2017-0018,2017-02-09,2017,2,07:00:00,-58.50877521,-34.66977709,GRAL PAZ,9,MOTO,AUTO,1,CONDUCTOR,MASCULINO,30
2017-0021,2017-02-18,2017,2,05:30:00,-58.38362373,-34.60509972,CALLE,1,MOTO,PASAJEROS,1,CONDUCTOR,MASCULINO,43
2017-0024,2017-02-23,2017,2,20:50:00,-58.46589308,-34.62955795,AVENIDA,7,PEATON,PASAJEROS,1,PEATON,MASCULINO,39
2017-0025,2017-02-24,2017,2,17:05:00,-58.43614426,-34.6542464,AVENIDA,7,MOTO,SD,1,CONDUCTOR,MASCULINO,23
2017-0026,2017-02-26,2017,2,05:15:00,-58.41842777,-34.64979057,AVENIDA,4,AUTO,OBJETO FIJO,2,PASAJERO_ACOMPAÑANTE,FEMENINO,23
2017-0026,2017-02-26,2017,2,05:15:00,-58.41842777,-34.64979057,AVENIDA,4,AUTO,OBJETO FIJO,2,CONDUCTOR,MASCULINO,19
2017-0027,2017-02-26,2017,2,21:57:00,-58.38332245,-34.6319325,AVENIDA,1,PEATON,AUTO,1,PEATON,MASCULINO,SD
2017-0028,2017-02-28,2017,2,09:20:00,-58.45475488,-34.61196327,AVENIDA,6,PEATON,AUTO,1,PEATON,MASCULINO,87
2017-0029,2017-03-07,2017,3,02:15:00,-58.48501341,-34.64742455,CALLE,9,SD,AUTO,1,SD,MASCULINO,34
2017-0030,2017-03-07,2017,3,08:00:00,-58.47010988,-34.65872088,AVENIDA,9,AUTO,PASAJEROS,1,CONDUCTOR,FEMENINO,27
2017-0031,2017-03-11,2017,3,01:30:00,-58.4099756,-34.62873635,CALLE,3,AUTO,OBJETO FIJO,1,PASAJERO_ACOMPAÑANTE,MASCULINO,70
2017-0032,2017-03-12,2017,3,05:00:00,-58.48892175,-34.68359163,GRAL PAZ,8,AUTO,AUTO,1,PASAJERO_ACOMPAÑANTE,FEMENINO,40
2017-0033,2017-03-12,2017,3,07:30:00,-58.52466448,-34.60325478,GRAL PAZ,11,AUTO,AUTO,1,CONDUCTOR,MASCULINO,28
2017-0034,2017-03-13,2017,3,07:50:00,-58.42554218,-34.57929036,CALLE,14,PEATON,AUTO,1,PEATON,MASCULINO,43
2017-0035,2017-03-23,2017,3,05:00:00,-58.35881506,-34.61113641,AVENIDA,1,AUTO,OBJETO FIJO,3,CONDUCTOR,MASCULINO,28
2017-0035,2017-03-23,2017,3,05:00:00,-58.35881506,-34.61113641,AVENIDA,1,AUTO,OBJETO FIJO,3,PASAJERO_ACOMPAÑANTE,MASCULINO,32
2017-0035,2017-03-23,2017,3,05:00:00,-58.35881506,-34.61113641,AVENIDA,1,AUTO,OBJETO FIJO,3,PASAJERO_ACOMPAÑANTE,MASCULINO,30
2017-0036,2017-03-29,2017,3,18:00:00,-58.51452347,-34.58159762,GRAL PAZ,12,MOTO,PASAJEROS,2,PASAJERO_ACOMPAÑANTE,FEMENINO,SD
2017-0036,2017-03-29,2017,3,18:00:00,-58.51452347,-34.58159762,GRAL PAZ,12,MOTO,PASAJEROS,2,CONDUCTOR,MASCULINO,20
2017-0037,2017-03-31,2017,3,03:00:00,-58.38896772,-34.61799615,AVENIDA,1,MOTO,CARGAS,1,CONDUCTOR,MASCULINO,41
2017-0038,2017-04-01,2017,4,19:00:00,-58.44516857,-34.64363363,AVENIDA,7,MOTO,AUTO,1,CONDUCTOR,FEMENINO,40
2017-0040,2017-04-03,2017,4,09:40:00,-58.43834197,-34.54560369,AVENIDA,13,AUTO,MULTIPLE,1,CONDUCTOR,MASCULINO,43
2017-0041,2017-04-03,2017,4,23:15:00,-58.45485084,-34.63531854,CALLE,7,MOTO,AUTO,1,CONDUCTOR,MASCULINO,17
2017-0042,2017-04-10,2017,4,09:00:00,0.0,0.0,GRAL PAZ,14,MOTO,CARGAS,1,CONDUCTOR,MASCULINO,SD
2017-0045,2017-04-14,2017,4,06:15:00,-58.52449285,-34.62454175,CALLE,10,MOTO,OBJETO FIJO,1,CONDUCTOR,MASCULINO,21
2017-0047,2017-04-23,2017,4,06:30:00,-58.46713742,-34.6719879,AVENIDA,8,MOTO,AUTO,1,CONDUCTOR,MASCULINO,37
2017-0049,2017-04-27,2017,4,18:16:00,-58.43850413,-34.65554754,AVENIDA,8,PEATON,PASAJEROS,1,PEATON,MASCULINO,22
2017-0050,2017-04-28,2017,4,11:08:08,0.0,0.0,AUTOPISTA,9,MOTO,CARGAS,2,CONDUCTOR,MASCULINO,46
2017-0050,2017-04-28,2017,4,11:08:08,0.0,0.0,AUTOPISTA,9,MOTO,CARGAS,2,PASAJERO_ACOMPAÑANTE,MASCULINO,16
2017-0051,2017-05-01,2017,5,03:47:47,0.0,0.0,AUTOPISTA,7,AUTO,AUTO,1,CONDUCTOR,MASCULINO,33
2017-0052,2017-05-05,2017,5,03:40:00,-58.49413799,-34.68095739,GRAL PAZ,8,PEATON,CARGAS,1,PEATON,FEMENINO,47
2017-0053,2017-05-05,2017,5,20:16:22,-58.37547846,-34.65326075,CALLE,4,MOTO,CARGAS,1,CONDUCTOR,MASCULINO,28
2017-0054,2017-05-07,2017,5,21:00:00,-58.48680218,-34.58689719,AVENIDA,15,MOTO,AUTO,1,PASAJERO_ACOMPAÑANTE,FEMENINO,20
2017-0055,2017-05-09,2017,5,08:30:00,-58.49563989,-34.57962262,AVENIDA,12,AUTO,AUTO,1,CONDUCTOR,MASCULINO,32
2017-0058,2017-05-09,2017,5,23:10:00,-58.38403232,-34.5991594,AVENIDA,1,PEATON,MOTO,1,PEATON,MASCULINO,80
2017-0059,2017-05-11,2017,5,09:24:00,-58.38223382,-34.62693865,CALLE,1,PEATON,PASAJEROS,1,PEATON,FEMENINO,39
2017-0060,2017-05-13,2017,5,07:20:00,-58.45966521,-34.67323292,AVENIDA,8,MOTO,OBJETO FIJO,1,PASAJERO_ACOMPAÑANTE,MASCULINO,30
2017-0061,2017-05-15,2017,5,13:29:30,-58.39303911,-34.59871111,AVENIDA,2,PEATON,MOTO,1,PEATON,MASCULINO,47
2017-0062,2017-05-15,2017,5,16:00:00,-58.51262106,-34.63395999,AVENIDA,10,MOTO,CARGAS,1,CONDUCTOR,MASCULINO,35
2017-0063,2017-05-17,2017,5,10:13:00,-58.38118367,-34.61646839,AVENIDA,1,PEATON,PASAJEROS,1,PEATON,FEMENINO,79
2017-0064,2017-05-20,2017,5,05:00:00,-58.37653284,-34.60582475,CALLE,1,CARGAS,AUTO,1,PASAJERO_ACOMPAÑANTE,MASCULINO,61
2017-0065,2017-05-22,2017,5,16:00:00,-58.37709334,-34.64035082,AVENIDA,4,BICICLETA,CARGAS,1,CICLISTA,MASCULINO,21
2017-0066,2017-05-22,2017,5,18:10:00,-58.46002142,-34.60409469,AVENIDA,15,PEATON,PASAJEROS,1,PEATON,MASCULINO,10
2017-0067,2017-05-23,2017,5,02:45:00,-58.4338197,-34.62801894,AVENIDA,6,MOTO,CARGAS,1,CONDUCTOR,MASCULINO,21
2017-0068,2017-05-27,2017,5,19:50:00,-58.43580656,-34.66437532,AVENIDA,8,MOTO,OBJETO FIJO,1,CONDUCTOR,MASCULINO,32
2017-0069,2017-05-24,2017,5,14:15:00,-58.52173071,-34.65997463,GRAL PAZ,9,MOTO,SD,1,CONDUCTOR,MASCULINO,39
2017-0070,2017-05-30,2017,5,13:20:00,-58.50791763,-34.59804273,CALLE,11,PEATON,AUTO,1,PEATON,MASCULINO,80
2017-0072,2017-06-03,2017,6,23:20:00,-58.49175088,-34.58226957,AVENIDA,12,AUTO,AUTO,1,CONDUCTOR,MASCULINO,25
2017-0073,2017-06-04,2017,6,09:00:00,-58.40781467,-34.60425669,AVENIDA,3,MOTO,AUTO,1,CONDUCTOR,MASCULINO,19
2017-0074,2017-06-04,2017,6,12:50:00,-58.52567073,-34.63787791,CALLE,9,SD,SD,1,SD,MASCULINO,70
2017-0075,2017-06-12,2017,6,22:38:00,-58.381542,-34.60906385,AVENIDA,1,PEATON,MOTO,1,PEATON,MASCULINO,55
2017-0076,2017-06-13,2017,6,14:50:00,-58.38526125,-34.5780581,AVENIDA,2,PEATON,CARGAS,1,PEATON,FEMENINO,30
2017-0077,2017-06-17,2017,6,23:45:00,-58.42934104,-34.58451712,CALLE,14,MOTO,CARGAS,1,CONDUCTOR,FEMENINO,60
2017-0079,2017-06-19,2017,6,16:26:00,-58.40657493,-34.61781124,CALLE,3,MOTO,CARGAS,1,CONDUCTOR,MASCULINO,33
2017-0080,2017-06-22,2017,6,10:15:00,-58.49525314,-34.64487785,AVENIDA,9,PEATON,CARGAS,1,PEATON,FEMENINO,95
2017-0082,2017-06-25,2017,6,22:40:00,-58.39092851,-34.62932696,AVENIDA,4,PEATON,AUTO,1,PEATON,MASCULINO,36
2017-0083,2017-07-04,2017,7,00:25:00,-58.49603546,-34.64564271,AVENIDA,9,MOTO,CARGAS,1,CONDUCTOR,MASCULINO,37
2017-0084,2017-07-05,2017,7,12:49:00,-58.38502878,-34.58703485,AVENIDA,2,PEATON,PASAJEROS,1,PEATON,FEMENINO,73
2017-0085,2017-07-07,2017,7,14:15:00,-58.37261143,-34.63150425,AVENIDA,4,PEATON,PASAJEROS,1,PEATON,MASCULINO,84
2017-0086,2017-07-09,2017,7,07:30:00,-58.51876802,-34.63905965,AVENIDA,9,PEATON,MOTO,1,PEATON,FEMENINO,30
2017-0087,2017-07-10,2017,7,10:45:00,-58.41095567,-34.61516101,CALLE,3,PEATON,AUTO,1,PEATON,FEMENINO,73
2017-0088,2017-07-10,2017,7,22:30:00,-58.36797542,-34.62519403,AVENIDA,1,PEATON,PASAJEROS,1,PEATON,MASCULINO,43
2017-0089,2017-07-13,2017,7,12:05:00,-58.51514709,-34.64787051,CALLE,9,SD,AUTO,1,SD,MASCULINO,23
2017-0090,2017-07-15,2017,7,05:15:00,-58.51925642,-34.59171721,GRAL PAZ,11,PEATON,AUTO,1,PEATON,MASCULINO,22
2017-0091,2017-07-15,2017,7,13:00:00,-58.48671535,-34.54321216,GRAL PAZ,12,MOTO,SD,1,CONDUCTOR,MASCULINO,58
2017-0092,2017-07-24,2017,7,22:16:01,-58.38268809,-34.62282019,AUTOPISTA,1,PEATON,AUTO,1,PEATON,MASCULINO,66
2017-0093,2017-07-25,2017,7,16:48:40,-58.43633522,-34.54966288,AUTOPISTA,13,PEATON,AUTO,1,PEATON,MASCULINO,SD
2017-0094,2017-07-27,2017,7,08:50:00,-58.52640838,-34.61765855,CALLE,10,BICICLETA,CARGAS,1,CICLISTA,FEMENINO,56
2017-0095,2017-08-06,2017,8,08:00:00,-58.41894306,-34.59778875,AVENIDA,14,MOTO,AUTO,1,CONDUCTOR,MASCULINO,36
2017-0096,2017-08-07,2017,8,19:50:00,-58.46756026,-34.54972741,AVENIDA,13,PEATON,PASAJEROS,1,PEATON,MASCULINO,87
2017-0098,2017-08-08,2017,8,12:10:00,-58.45715752,-34.63132912,CALLE,7,PEATON,AUTO,1,PEATON,FEMENINO,61
2017-0099,2017-08-17,2017,8,19:45:00,-58.42406784,-34.56213916,AVENIDA,14,BICICLETA,AUTO,1,CICLISTA,MASCULINO,28
2017-0100,2017-08-21,2017,8,07:45:00,-58.3967447,-34.61512051,CALLE,3,MOTO,OBJETO FIJO,1,PASAJERO_ACOMPAÑANTE,FEMENINO,16
2017-0101,2017-08-23,2017,8,10:00:00,-58.44537508,-34.57084818,AVENIDA,13,PEATON,MULTIPLE,1,PEATON,FEMENINO,61
2017-0102,2017-08-24,2017,8,01:10:00,-58.40056767,-34.6510708,AVENIDA,4,PEATON,CARGAS,1,PEATON,MASCULINO,46
2017-0104,2017-08-25,2017,8,09:00:00,-58.38109568,-34.61853244,AVENIDA,1,PEATON,CARGAS,1,PEATON,FEMENINO,18
2017-0106,2017-08-31,2017,8,19:50:00,-58.42533612,-34.58035258,CALLE,14,PEATON,PASAJEROS,1,PEATON,FEMENINO,85
2017-0107,2017-09-01,2017,9,11:30:00,-58.46062311,-34.54395182,AVENIDA,13,MOTO,CARGAS,1,CONDUCTOR,MASCULINO,41
2017-0108,2017-09-02,2017,9,04:53:08,-58.49491054,-34.54795581,GRAL PAZ,12,OBJETO FIJO,AUTO,2,PASAJERO_ACOMPAÑANTE,MASCULINO,17
2017-0108,2017-09-02,2017,9,04:53:08,-58.49491054,-34.54795581,GRAL PAZ,12,OBJETO FIJO,AUTO,2,PASAJERO_ACOMPAÑANTE,MASCULINO,10
2017-0109,2017-09-04,2017,9,21:00:00,-58.47130269,-34.63665402,AVENIDA,7,MOTO,AUTO,1,CONDUCTOR,MASCULINO,21
2017-0110,2017-09-06,2017,9,14:15:00,-58.370488,-34.60189492,AVENIDA,1,PEATON,PASAJEROS,1,PEATON,MASCULINO,56
2017-0111,2017-09-07,2017,9,18:23:37,-58.42023854,-34.6423411,CALLE,4,PEATON,CARGAS,1,PEATON,FEMENINO,79
2017-0112,2017-09-10,2017,9,09:32:17,-58.45807401,-34.6399743,AUTOPISTA,7,AUTO,OBJETO FIJO,2,PASAJERO_ACOMPAÑANTE,MASCULINO,1
2017-0112,2017-09-10,2017,9,09:32:17,-58.45807401,-34.6399743,AUTOPISTA,7,AUTO,OBJETO FIJO,2,PASAJERO_ACOMPAÑANTE,MASCULINO,SD
2017-0113,2017-09-11,2017,9,06:30:00,-58.37697717,-34.59573848,AVENIDA,1,PEATON,PASAJEROS,1,PEATON,FEMENINO,76
2017-0114,2017-09-15,2017,9,02:30:00,-58.3910058,-34.5849866,AVENIDA,2,AUTO,OBJETO FIJO,1,CONDUCTOR,MASCULINO,26
2017-0115,2017-09-19,2017,9,18:52:33,-58.42182126,-34.63089661,AVENIDA,5,MOTO,BICICLETA,1,CONDUCTOR,MASCULINO,34
2017-0116,2017-09-20,2017,9,22:24:00,-58.51389422,-34.58075791,GRAL PAZ,12,MOTO,OBJETO FIJO,1,CONDUCTOR,MASCULINO,22
2017-0118,2017-09-22,2017,9,07:02:09,-58.37585415,-34.65232158,AVENIDA,4,MOTO,AUTO,1,PASAJERO_ACOMPAÑANTE,FEMENINO,26
2017-0120,2017-10-02,2017,10,15:55:33,-58.47297505,-34.66245085,AUTOPISTA,9,MOTO,CARGAS,1,CONDUCTOR,MASCULINO,20
2017-0123,2017-10-10,2017,10,01:05:38,-58.46855503,-34.67216349,AVENIDA,8,PEATON,AUTO,1,PEATON,FEMENINO,36
2017-0124,2017-10-12,2017,10,14:40:28,-58.44254033,-34.59185043,CALLE,15,MOTO,PASAJEROS,1,CONDUCTOR,MASCULINO,51
2017-0125,2017-10-13,2017,10,06:12:20,-58.46622247,-34.67926929,AVENIDA,8,MOTO,OBJETO FIJO,1,CONDUCTOR,MASCULINO,29
2017-0126,2017-10-14,2017,10,06:15:00,-58.48003734,-34.68148508,AVENIDA,8,AUTO,OBJETO FIJO,2,PASAJERO_ACOMPAÑANTE,MASCULINO,39
2017-0126,2017-10-14,2017,10,06:15:00,-58.48003734,-34.68148508,AVENIDA,8,AUTO,OBJETO FIJO,2,CONDUCTOR,MASCULINO,36
2017-0127,2017-10-16,2017,10,07:45:00,-58.41192137,-34.59800248,AVENIDA,2,MOTO,MOTO,1,PASAJERO_ACOMPAÑANTE,MASCULINO,24
2017-0128,2017-10-17,2017,10,12:30:00,-58.44034689,-34.61349731,CALLE,6,PEATON,PASAJEROS,1,PEATON,FEMENINO,60
2017-0129,2017-10-26,2017,10,19:15:15,-58.47155277,-34.64925746,AUTOPISTA,9,MOTO,PASAJEROS,1,CONDUCTOR,MASCULINO,57
2017-0130,2017-10-27,2017,10,05:30:00,-58.47883099,-34.59967065,AVENIDA,15,AUTO,CARGAS,1,CONDUCTOR,MASCULINO,23
2017-0132,2017-10-30,2017,10,14:00:00,-58.46552171,-34.6937413,AVENIDA,8,MOTO,PASAJEROS,1,CONDUCTOR,MASCULINO,23
2017-0134,2017-11-06,2017,11,18:00:00,-58.4423972,-34.66777987,AVENIDA,8,PEATON,PASAJEROS,1,PEATON,FEMENINO,47
2017-0135,2017-11-07,2017,11,12:14:10,-58.47032551,-34.59626814,AVENIDA,15,MOTO,CARGAS,1,CONDUCTOR,MASCULINO,24
2017-0136,2017-11-16,2017,11,08:43:00,-58.41827843,-34.65522746,AVENIDA,4,PEATON,PASAJEROS,1,PEATON,MASCULINO,55
2017-0137,2017-11-17,2017,11,11:45:00,-58.51280715,-34.59279388,AVENIDA,11,PEATON,CARGAS,1,PEATON,FEMENINO,60
2017-0138,2017-11-19,2017,11,10:30:00,-58.46258582,-34.64385704,AVENIDA,7,MOTO,OBJETO FIJO,1,PASAJERO_ACOMPAÑANTE,MASCULINO,25
2017-0139,2017-11-19,2017,11,22:30:00,-58.45064148,-34.68003614,AVENIDA,8,AUTO,OBJETO FIJO,1,PASAJERO_ACOMPAÑANTE,FEMENINO,15
2017-0140,2017-11-19,2017,11,23:22:17,0.0,0.0,AUTOPISTA,4,MOTO,PASAJEROS,1,CONDUCTOR,MASCULINO,24
2017-0141,2017-11-23,2017,11,19:45:00,-58.42717783,-34.62513374,AVENIDA,6,PEATON,PASAJEROS,1,PEATON,FEMENINO,22
2017-0143,2017-11-25,2017,11,21:45:00,-58.46442001,-34.60724519,CALLE,11,AUTO,PASAJEROS,1,CONDUCTOR,MASCULINO,50
2017-0144,2017-11-26,2017,11,06:45:00,-58.47064556,-34.69843756,GRAL PAZ,8,AUTO,OBJETO FIJO,1,PASAJERO_ACOMPAÑANTE,FEMENINO,50
2017-0145,2017-11-26,2017,11,17:05:00,-58.41677733,-34.61223119,CALLE,5,MOTO,AUTO,1,CONDUCTOR,MASCULINO,58
2017-0147,2017-11-28,2017,11,11:15:00,-58.5025179,-34.67450313,GRAL PAZ,9,MOTO,AUTO,1,CONDUCTOR,MASCULINO,49
2017-0148,2017-11-29,2017,11,10:45:00,-58.40708125,-34.62438894,AVENIDA,3,PEATON,PASAJEROS,1,PEATON,FEMENINO,82
2017-0149,2017-11-30,2017,11,12:20:00,-58.36947198,-34.61477051,AVENIDA,1,PEATON,PASAJEROS,1,PEATON,MASCULINO,13
2017-0150,2017-12-04,2017,12,01:15:00,-58.51140889,-34.63934531,AVENIDA,9,PEATON,AUTO,1,PEATON,MASCULINO,56
2017-0151,2017-12-04,2017,12,02:15:00,-58.37460912,-34.65559133,CALLE,4,PEATON,PASAJEROS,1,PEATON,MASCULINO,SD
2017-0152,2017-12-06,2017,12,17:30:00,-58.41146277,-34.65073916,CALLE,4,BICICLETA,PASAJEROS,1,CICLISTA,MASCULINO,19
2017-0153,2017-12-11,2017,12,02:00:00,-58.42855267,-34.61829385,AVENIDA,6,MOTO,PASAJEROS,2,PASAJERO_ACOMPAÑANTE,MASCULINO,SD
2017-0153,2017-12-11,2017,12,02:00:00,-58.42855267,-34.61829385,AVENIDA,6,MOTO,PASAJEROS,2,CONDUCTOR,MASCULINO,30
2017-0154,2017-12-11,2017,12,09:15:00,-58.39035581,-34.63412287,AVENIDA,4,PEATON,PASAJEROS,1,PEATON,MASCULINO,76
2017-0155,2017-12-12,2017,12,21:25:41,-58.45593915,-34.62656868,AVENIDA,7,SD,MOTO,1,SD,MASCULINO,77
2017-0157,2017-12-17,2017,12,09:02:00,-58.52866211,-34.64597065,GRAL PAZ,9,AUTO,PASAJEROS,1,CONDUCTOR,MASCULINO,53
2017-0158,2017-12-18,2017,12,21:30:00,-58.52037476,-34.59407024,GRAL PAZ,11,MOTO,AUTO,1,CONDUCTOR,MASCULINO,32
2017-0159,2017-12-20,2017,12,04:31:27,-58.38896772,-34.61799615,AVENIDA,1,MOTO,AUTO,1,CONDUCTOR,MASCULINO,27
2017-0160,2017-12-22,2017,12,13:15:00,-58.47074114,-34.62771756,AVENIDA,7,PEATON,MOTO,1,PEATON,FEMENINO,30
2017-0161,2017-12-26,2017,12,15:30:00,-58.48200819,-34.65969965,AVENIDA,9,PEATON,AUTO,1,PEATON,FEMENINO,30
2018-0001,2018-01-01,2018,1,22:50:00,-58.39536773,-34.62297346,AVENIDA,3,PEATON,MOTO,1,PEATON,MASCULINO,83
2018-0002,2018-01-03,2018,1,16:40:00,-58.37456088,-34.61895467,CALLE,1,BICICLETA,PASAJEROS,1,CICLISTA,FEMENINO,26
2018-0003,2018-01-05,2018,1,10:12:00,-58.44860217,-34.60395657,AVENIDA,15,PEATON,MULTIPLE,1,PEATON,FEMENINO,58
2018-0004,2018-01-09,2018,1,09:40:00,-58.46129513,-34.54332766,AVENIDA,13,MOTO,MULTIPLE,1,CONDUCTOR,MASCULINO,39
2018-0005,2018-01-09,2018,1,22:30:00,-58.36907201,-34.61953517,AVENIDA,1,PEATON,PASAJEROS,1,PEATON,MASCULINO,54
2018-0006,2018-01-10,2018,1,21:15:00,-58.44062219,-34.62499107,CALLE,6,BICICLETA,PASAJEROS,1,CICLISTA,FEMENINO,45
2018-0007,2018-01-11,2018,1,02:30:00,-58.52502765,-34.63601265,AUTOPISTA,9,AUTO,AUTO,1,CONDUCTOR,MASCULINO,46
2018-0008,2018-01-12,2018,1,17:50:00,-58.36659655,-34.61687778,AVENIDA,1,MOTO,CARGAS,1,CONDUCTOR,FEMENINO,32
2018-0009,2018-01-14,2018,1,02:00:00,-58.36737389,-34.62763661,AVENIDA,4,MOTO,MOTO,1,CONDUCTOR,MASCULINO,19
2018-0010,2018-01-18,2018,1,05:10:00,-58.49807953,-34.63038658,CALLE,10,MOTO,CARGAS,1,CONDUCTOR,MASCULINO,40
2018-0011,2018-01-19,2018,1,10:30:00,-58.39092703,-34.59088447,AVENIDA,2,PEATON,PASAJEROS,1,PEATON,MASCULINO,84
2018-0012,2018-01-26,2018,1,13:30:00,-58.46912006,-34.68049201,CALLE,8,MOTO,PASAJEROS,1,CONDUCTOR,MASCULINO,20
2018-0013,2018-01-28,2018,1,08:15:00,-58.48661286,-34.56786129,AVENIDA,12,MOTO,AUTO,1,CONDUCTOR,MASCULINO,44
2018-0014,2018-01-31,2018,1,20:00:00,-58.44074927,-34.65080597,AVENIDA,7,PEATON,MOTO,1,PEATON,MASCULINO,SD
2018-0015,2018-02-06,2018,2,01:00:00,-58.38636298,-34.64684275,AVENIDA,4,MOTO,PASAJEROS,2,CONDUCTOR,MASCULINO,28
2018-0015,2018-02-06,2018,2,01:00:00,-58.38636298,-34.64684275,AVENIDA,4,MOTO,PASAJEROS,2,PASAJERO_ACOMPAÑANTE,MASCULINO,19
2018-0016,2018-02-15,2018,2,10:15:00,-58.37533517,-34.59276462,AVENIDA,1,MOTO,CARGAS,1,CONDUCTOR,MASCULINO,31
2018-0017,2018-02-17,2018,2,04:15:00,-58.46963952,-34.63070603,AVENIDA,7,PEATON,AUTO,1,PEATON,MASCULINO,35
2018-0018,2018-02-17,2018,2,07:15:00,-58.37207554,-34.64543658,CALLE,4,MOTO,CARGAS,1,CONDUCTOR,MASCULINO,26
2018-0019,2018-02-17,2018,2,12:30:00,-58.39189441,-34.59176378,AVENIDA,2,PEATON,PASAJEROS,1,PEATON,FEMENINO,80
2018-0020,2018-02-19,2018,2,22:00:00,-58.45012957,-34.66518343,AUTOPISTA,8,MOTO,CARGAS,1,CONDUCTOR,MASCULINO,26
2018-0021,2018-02-22,2018,2,10:45:00,-58.40184094,-34.64546845,AVENIDA,4,PEATON,PASAJEROS,1,PEATON,FEMENINO,62
2018-0022,2018-02-24,2018,2,00:00:00,-58.37441153,-34.63966783,AVENIDA,4,MOTO,CARGAS,1,CONDUCTOR,MASCULINO,28
2018-0023,2018-02-24,2018,2,06:00:00,-58.44110156,-34.62082399,CALLE,6,MOTO,AUTO,1,CONDUCTOR,MASCULINO,28
2018-0024,2018-02-28,2018,2,23:00:00,-58.47087351,-34.57827342,AVENIDA,15,PEATON,CARGAS,1,PEATON,MASCULINO,70
2018-0025,2018-03-04,2018,3,22:30:00,-58.4596221,-34.6224514,AVENIDA,7,PEATON,AUTO,1,PEATON,MASCULINO,70
2018-0026,2018-03-09,2018,3,04:45:00,-58.41657793,-34.65476216,AVENIDA,4,MOVIL,CARGAS,2,CONDUCTOR,MASCULINO,24
2018-0026,2018-03-09,2018,3,04:45:00,-58.41657793,-34.65476216,AVENIDA,4,MOVIL,CARGAS,2,PASAJERO_ACOMPAÑANTE,MASCULINO,30
2018-0027,2018-03-11,2018,3,23:00:00,-58.41911301,-34.63722107,CALLE,5,PEATON,MOTO,1,PEATON,FEMENINO,74
2018-0028,2018-03-13,2018,3,15:45:00,-58.47120586,-34.64251042,AVENIDA,9,PEATON,CARGAS,1,PEATON,MASCULINO,71
2018-0029,2018-03-15,2018,3,18:00:00,-58.47418944,-34.62049672,AVENIDA,11,MOTO,AUTO,1,CONDUCTOR,MASCULINO,26
2018-0030,2018-03-20,2018,3,01:30:00,-58.46720441,-34.57905579,AVENIDA,15,MOTO,MOTO,1,CONDUCTOR,MASCULINO,24
2018-0031,2018-03-28,2018,3,10:15:00,-58.46909362,-34.6177971,AVENIDA,11,MOTO,CARGAS,1,CONDUCTOR,MASCULINO,31
2018-0032,2018-04-02,2018,4,13:00:00,-58.44704343,-34.5688864,AVENIDA,13,PEATON,PASAJEROS,1,PEATON,MASCULINO,70
2018-0033,2018-04-07,2018,4,07:30:00,-58.50535541,-34.62902048,AVENIDA,10,MOTO,CARGAS,1,CONDUCTOR,FEMENINO,42
2018-0034,2018-04-11,2018,4,18:15:00,-58.40021675,-34.59522198,AVENIDA,2,PEATON,PASAJEROS,1,PEATON,MASCULINO,24
2018-0035,2018-04-12,2018,4,16:45:00,-58.46325991,-34.62919627,AVENIDA,7,PEATON,PASAJEROS,1,PEATON,FEMENINO,39
2018-0036,2018-04-13,2018,4,23:15:00,-58.49471482,-34.59694755,AVENIDA,15,MOTO,AUTO,1,CONDUCTOR,MASCULINO,37
2018-0037,2018-04-18,2018,4,18:45:00,-58.3987261,-34.59975962,AVENIDA,2,PEATON,CARGAS,1,PEATON,MASCULINO,84
2018-0038,2018-04-20,2018,4,17:10:00,-58.38872177,-34.60885045,AVENIDA,1,PEATON,AUTO,2,PEATON,FEMENINO,59
2018-0038,2018-04-20,2018,4,17:10:00,-58.38872177,-34.60885045,AVENIDA,1,PEATON,AUTO,2,PEATON,MASCULINO,61
2018-0039,2018-04-21,2018,4,22:15:00,0.0,0.0,AUTOPISTA,14,PEATON,AUTO,1,PEATON,MASCULINO,37
2018-0040,2018-04-27,2018,4,11:00:00,-58.45686132,-34.57305993,CALLE,13,PEATON,CARGAS,1,PEATON,FEMENINO,SD
2018-0041,2018-04-27,2018,4,13:30:00,-58.42281627,-34.64282424,AVENIDA,4,PEATON,PASAJEROS,1,PEATON,FEMENINO,78
2018-0042,2018-04-27,2018,4,18:43:00,-58.38666024,-34.63953396,CALLE,4,MOTO,CARGAS,1,PASAJERO_ACOMPAÑANTE,MASCULINO,23
2018-0043,2018-04-28,2018,4,06:30:00,-58.49122843,-34.61207587,AVENIDA,11,MOTO,AUTO,1,CONDUCTOR,MASCULINO,25
2018-0044,2018-04-28,2018,4,09:00:00,-58.40098306,-34.61866627,AVENIDA,3,PEATON,AUTO,1,PEATON,FEMENINO,50
2018-0045,2018-04-30,2018,4,07:00:00,-58.45448963,-34.5791692,AVENIDA,13,AUTO,CARGAS,1,CONDUCTOR,MASCULINO,60
2018-0046,2018-05-02,2018,5,03:15:00,-58.52927982,-34.63931752,GRAL PAZ,9,PEATON,AUTO,1,PEATON,MASCULINO,11
2018-0047,2018-05-08,2018,5,19:00:00,-58.44759966,-34.5917024,AVENIDA,15,PEATON,PASAJEROS,1,PEATON,MASCULINO,82
2018-0048,2018-05-09,2018,5,10:30:00,-58.46411215,-34.62925068,AVENIDA,7,PEATON,PASAJEROS,1,PEATON,MASCULINO,57
2018-0049,2018-05-11,2018,5,19:15:00,-58.4621322,-34.55395823,CALLE,13,PEATON,AUTO,1,PEATON,FEMENINO,40
2018-0050,2018-05-14,2018,5,18:45:00,-58.45669422,-34.5620361,AVENIDA,13,PEATON,PASAJEROS,1,PEATON,FEMENINO,47
2018-0051,2018-05-15,2018,5,21:15:00,-58.3597716,-34.64341878,CALLE,4,PEATON,AUTO,1,PEATON,FEMENINO,57
2018-0052,2018-05-18,2018,5,20:30:00,-58.49820145,-34.59070093,AVENIDA,15,PEATON,PASAJEROS,1,PEATON,MASCULINO,78
2018-0053,2018-05-20,2018,5,02:30:00,-58.4105928,-34.5993918,CALLE,3,MOTO,AUTO,1,CONDUCTOR,MASCULINO,43
2018-0054,2018-05-22,2018,5,11:15:00,-58.47969138,-34.57121563,CALLE,12,PEATON,BICICLETA,1,PEATON,FEMENINO,86
2018-0055,2018-05-29,2018,5,07:30:00,-58.40351561,-34.61883916,AVENIDA,3,MOTO,AUTO,1,CONDUCTOR,MASCULINO,21
2018-0056,2018-06-02,2018,6,13:00:00,-58.51973844,-34.63918987,AVENIDA,9,PEATON,PASAJEROS,1,PEATON,FEMENINO,69
2018-0057,2018-06-03,2018,6,03:30:00,-58.39311376,-34.62163006,CALLE,3,MOTO,PASAJEROS,1,CONDUCTOR,MASCULINO,33
2018-0058,2018-06-03,2018,6,06:30:00,-58.43531242,-34.59082159,AVENIDA,15,MOTO,AUTO,1,CONDUCTOR,MASCULINO,26
2018-0059,2018-06-08,2018,6,06:20:00,-58.41178165,-34.63035454,AVENIDA,5,MOTO,OTRO,1,CONDUCTOR,MASCULINO,54
2018-0060,2018-06-08,2018,6,12:50:00,-58.370488,-34.60189492,AVENIDA,1,PEATON,PASAJEROS,1,PEATON,MASCULINO,51
2018-0061,2018-06-10,2018,6,11:15:00,-58.39883882,-34.61964833,CALLE,3,MOTO,MOTO,1,CONDUCTOR,MASCULINO,51
2018-0062,2018-06-14,2018,6,01:00:00,-58.44110156,-34.62082399,CALLE,6,PEATON,CARGAS,1,PEATON,MASCULINO,32
2018-0063,2018-06-16,2018,6,21:15:00,-58.37093138,-34.59952725,AVENIDA,1,PEATON,PASAJEROS,1,PEATON,FEMENINO,28
2018-0064,2018-06-25,2018,6,01:15:00,-58.45855262,-34.63953253,AVENIDA,7,AUTO,CARGAS,1,CONDUCTOR,MASCULINO,30
2018-0065,2018-06-26,2018,6,17:30:00,-58.38161909,-34.59283447,CALLE,1,MOTO,CARGAS,1,CONDUCTOR,MASCULINO,35
2018-0066,2018-06-28,2018,6,11:00:00,-58.45511899,-34.58698157,AVENIDA,15,PEATON,PASAJEROS,1,PEATON,MASCULINO,73
2018-0067,2018-06-29,2018,6,16:15:00,-58.37724226,-34.62973033,AVENIDA,4,PASAJEROS,AUTO,1,PASAJERO_ACOMPAÑANTE,FEMENINO,81
2018-0068,2018-07-01,2018,7,09:00:00,-58.45546217,-34.62930339,AVENIDA,7,MOTO,AUTO,1,CONDUCTOR,MASCULINO,21
2018-0069,2018-07-04,2018,7,21:45:00,-58.39897064,-34.59954925,AVENIDA,2,BICICLETA,PASAJEROS,1,CICLISTA,MASCULINO,20
2018-0070,2018-07-07,2018,7,15:45:00,-58.40917826,-34.62126274,CALLE,3,MOTO,PASAJEROS,1,CONDUCTOR,MASCULINO,33
2018-0071,2018-07-10,2018,7,17:50:00,-58.36726348,-34.61099738,AVENIDA,1,MOTO,CARGAS,1,CONDUCTOR,MASCULINO,SD
2018-0072,2018-07-11,2018,7,13:15:00,-58.48267426,-34.68454456,AUTOPISTA,8,MOTO,CARGAS,1,CONDUCTOR,MASCULINO,27
2018-0073,2018-07-11,2018,7,15:45:00,-58.39546165,-34.65168841,AVENIDA,4,PEATON,CARGAS,1,PEATON,FEMENINO,67
2018-0074,2018-07-14,2018,7,06:04:00,-58.46941984,-34.63376545,AVENIDA,7,AUTO,CARGAS,1,CONDUCTOR,MASCULINO,25
2018-0075,2018-07-15,2018,7,07:30:00,-58.40367321,-34.58129246,AVENIDA,14,PEATON,AUTO,1,PEATON,MASCULINO,23
2018-0076,2018-07-16,2018,7,09:30:00,-58.52932872,-34.65014993,CALLE,9,AUTO,CARGAS,1,CONDUCTOR,MASCULINO,73
2018-0077,2018-07-16,2018,7,23:15:00,-58.40917826,-34.62126274,CALLE,3,AUTO,CARGAS,1,CONDUCTOR,MASCULINO,58
2018-0078,2018-07-21,2018,7,06:15:00,-58.41264127,-34.59473294,CALLE,2,PEATON,AUTO,1,PEATON,MASCULINO,27
2018-0079,2018-07-23,2018,7,07:15:00,-58.50877521,-34.66977709,GRAL PAZ,9,PEATON,CARGAS,1,PEATON,MASCULINO,SD
2018-0080,2018-07-25,2018,7,22:22:00,-58.51232237,-34.6590353,AVENIDA,9,PEATON,AUTO,1,PEATON,MASCULINO,26
2018-0081,2018-07-29,2018,7,06:30:00,-58.44744156,-34.64567171,AVENIDA,7,PEATON,MULTIPLE,1,PEATON,MASCULINO,35
2018-0082,2018-08-01,2018,8,15:53:00,-58.49441273,-34.65869968,AVENIDA,9,MOTO,CARGAS,1,CONDUCTOR,FEMENINO,17
2018-0083,2018-08-02,2018,8,05:20:00,-58.47976785,-34.69153196,GRAL PAZ,8,MOTO,CARGAS,1,CONDUCTOR,MASCULINO,SD
2018-0084,2018-08-03,2018,8,07:25:00,-58.36523349,-34.62260331,AVENIDA,1,PEATON,CARGAS,1,PEATON,MASCULINO,45
2018-0085,2018-08-03,2018,8,18:16:00,-58.39118948,-34.62704273,AVENIDA,3,MOTO,PASAJEROS,2,PASAJERO_ACOMPAÑANTE,FEMENINO,22
2018-0085,2018-08-03,2018,8,18:16:00,-58.39118948,-34.62704273,AVENIDA,3,MOTO,PASAJEROS,2,CONDUCTOR,MASCULINO,30
2018-0086,2018-08-10,2018,8,21:44:00,-58.49019551,-34.65015854,AVENIDA,9,PEATON,PASAJEROS,1,PEATON,MASCULINO,40
2018-0087,2018-08-15,2018,8,19:20:00,-58.41644362,-34.63023775,AVENIDA,5,PEATON,PASAJEROS,1,PEATON,MASCULINO,75
2018-0088,2018-08-17,2018,8,16:36:00,-58.5007381,-34.5497951,GRAL PAZ,12,MOTO,CARGAS,1,CONDUCTOR,MASCULINO,SD
2018-0089,2018-08-17,2018,8,17:56:00,-58.39626094,-34.63036565,AVENIDA,4,PEATON,PASAJEROS,1,PEATON,MASCULINO,80
2018-0090,2018-08-18,2018,8,10:34:00,-58.43284809,-34.67051543,AVENIDA,8,MOTO,AUTO,1,CONDUCTOR,MASCULINO,27
2018-0091,2018-08-19,2018,8,18:47:00,-58.52280139,-34.63659934,AUTOPISTA,9,AUTO,AUTO,1,PASAJERO_ACOMPAÑANTE,FEMENINO,23
2018-0092,2018-08-20,2018,8,08:20:00,-58.4233693,-34.59774487,AVENIDA,14,MOTO,AUTO,1,CONDUCTOR,MASCULINO,23
2018-0093,2018-08-20,2018,8,08:41:00,-58.38691681,-34.63105973,CALLE,1,PEATON,PASAJEROS,1,PEATON,MASCULINO,24
2018-0094,2018-08-23,2018,8,05:35:00,-58.4116902,-34.5857988,CALLE,14,MOTO,PASAJEROS,1,CONDUCTOR,MASCULINO,32
2018-0095,2018-08-26,2018,8,00:59:00,-58.46739825,-34.65117757,AVENIDA,9,AUTO,AUTO,1,PASAJERO_ACOMPAÑANTE,FEMENINO,49
2018-0096,2018-08-31,2018,8,22:20:00,-58.44483258,-34.67152226,AUTOPISTA,8,PEATON,AUTO,1,PEATON,MASCULINO,39
2018-0097,2018-09-02,2018,9,10:50:00,-58.43254025,-34.66128115,AVENIDA,8,AUTO,OTRO,1,CONDUCTOR,FEMENINO,35
2018-0098,2018-09-09,2018,9,05:00:00,-58.47199387,-34.69640164,GRAL PAZ,8,AUTO,AUTO,2,CONDUCTOR,MASCULINO,55
2018-0098,2018-09-09,2018,9,05:00:00,-58.47199387,-34.69640164,GRAL PAZ,8,AUTO,AUTO,2,PASAJERO_ACOMPAÑANTE,MASCULINO,54
2018-0099,2018-09-12,2018,9,14:25:00,-58.46411215,-34.62925068,AVENIDA,7,PEATON,PASAJEROS,1,PEATON,MASCULINO,18
2018-0100,2018-09-20,2018,9,10:30:00,-58.36217754,-34.62367156,AVENIDA,1,MOTO,AUTO,1,SD,FEMENINO,33
2018-0101,2018-09-21,2018,9,00:15:00,-58.48098594,-34.5407313,GRAL PAZ,12,AUTO,MULTIPLE,1,CONDUCTOR,MASCULINO,SD
2018-0102,2018-09-21,2018,9,00:30:00,-58.41083404,-34.64640709,CALLE,4,MOTO,AUTO,1,CONDUCTOR,MASCULINO,20
2018-0103,2018-09-27,2018,9,17:51:00,-58.44609828,-34.64446729,AVENIDA,7,PEATON,MOTO,1,PEATON,MASCULINO,1
2018-0104,2018-10-01,2018,10,08:58:00,-58.37709334,-34.64035082,AUTOPISTA,4,MOTO,MOTO,1,CONDUCTOR,MASCULINO,22
2018-0105,2018-10-03,2018,10,18:12:00,-58.46963952,-34.63070603,AVENIDA,7,PEATON,PASAJEROS,1,PEATON,FEMENINO,56
2018-0106,2018-10-04,2018,10,22:02:00,-58.43674281,-34.55161027,AVENIDA,13,MOTO,MOTO,1,CONDUCTOR,MASCULINO,27
2018-0107,2018-10-06,2018,10,14:20:00,-58.4059686,-34.61011987,AVENIDA,3,PEATON,PASAJEROS,1,PEATON,FEMENINO,62
2018-0108,2018-10-09,2018,10,14:00:00,-58.36154069,-34.60463618,AVENIDA,1,MOTO,AUTO,1,CONDUCTOR,MASCULINO,37
2018-0109,2018-10-10,2018,10,22:12:00,-58.37062179,-34.60066507,AVENIDA,1,PEATON,PASAJEROS,1,PEATON,MASCULINO,34
2018-0110,2018-10-13,2018,10,03:05:00,-58.43220014,-34.60207186,AVENIDA,15,PEATON,MOTO,1,PEATON,MASCULINO,60
2018-0111,2018-10-19,2018,10,12:13:00,-58.46958442,-34.64949724,AUTOPISTA,9,MOTO,CARGAS,1,CONDUCTOR,MASCULINO,28
2018-0112,2018-10-24,2018,10,09:18:00,-58.44671397,-34.59970903,CALLE,15,MOTO,CARGAS,1,CONDUCTOR,FEMENINO,28
2018-0113,2018-10-25,2018,10,11:00:00,-58.47152163,-34.61474911,CALLE,11,MOTO,CARGAS,1,CONDUCTOR,MASCULINO,20
2018-0114,2018-10-30,2018,10,02:15:00,-58.39032921,-34.61807951,AVENIDA,1,MOTO,AUTO,1,CONDUCTOR,MASCULINO,23
2018-0115,2018-10-31,2018,10,12:30:00,-58.52887773,-34.64297861,CALLE,9,PEATON,PASAJEROS,1,PEATON,MASCULINO,42
2018-0116,2018-11-01,2018,11,10:50:00,-58.49371157,-34.67981324,GRAL PAZ,8,PEATON,CARGAS,1,PEATON,MASCULINO,48
2018-0117,2018-11-04,2018,11,08:15:00,-58.48266599,-34.66012327,AVENIDA,9,MOTO,MOTO,1,CONDUCTOR,MASCULINO,30
2018-0118,2018-11-05,2018,11,14:49:00,-58.40612253,-34.60774301,AVENIDA,3,PEATON,MOTO,1,PEATON,FEMENINO,80
2018-0119,2018-11-05,2018,11,22:35:00,-58.43613623,-34.66292532,AVENIDA,8,PEATON,SD,1,PEATON,FEMENINO,32
2018-0120,2018-11-09,2018,11,13:34:00,-58.48250732,-34.57208238,AVENIDA,12,PEATON,AUTO,1,PEATON,FEMENINO,51
2018-0121,2018-11-09,2018,11,16:32:00,-58.49945705,-34.6374328,AVENIDA,10,PEATON,PASAJEROS,1,PEATON,FEMENINO,72
2018-0122,2018-11-12,2018,11,01:00:00,-58.47743966,-34.67233407,AUTOPISTA,8,AUTO,AUTO,1,CONDUCTOR,MASCULINO,33
2018-0123,2018-11-12,2018,11,03:32:00,-58.5025179,-34.67450313,GRAL PAZ,9,AUTO,SD,1,CONDUCTOR,MASCULINO,25
2018-0124,2018-11-15,2018,11,19:40:00,-58.52144411,-34.63682499,AUTOPISTA,9,CARGAS,CARGAS,1,CONDUCTOR,MASCULINO,44
2018-0125,2018-11-16,2018,11,21:12:00,-58.41650465,-34.65084045,AVENIDA,4,PEATON,PASAJEROS,1,PEATON,MASCULINO,29
2018-0126,2018-11-18,2018,11,12:11:00,-58.52994219,-34.64055918,GRAL PAZ,9,MOTO,AUTO,1,CONDUCTOR,MASCULINO,27
2018-0127,2018-11-19,2018,11,09:14:00,-58.50993046,-34.56919739,GRAL PAZ,12,MOTO,MOTO,1,CONDUCTOR,MASCULINO,29
2018-0128,2018-11-25,2018,11,04:30:00,-58.52844623,-34.64592873,GRAL PAZ,9,AUTO,PASAJEROS,2,PASAJERO_ACOMPAÑANTE,MASCULINO,49
2018-0128,2018-11-25,2018,11,04:30:00,-58.52844623,-34.64592873,GRAL PAZ,9,AUTO,PASAJEROS,2,PASAJERO_ACOMPAÑANTE,FEMENINO,39
2018-0129,2018-11-28,2018,11,04:01:00,-58.45021367,-34.58695347,AVENIDA,15,MOTO,PASAJEROS,1,CONDUCTOR,MASCULINO,37
2018-0130,2018-12-03,2018,12,03:00:00,-58.49022072,-34.62770192,AVENIDA,10,MOTO,PASAJEROS,1,CONDUCTOR,MASCULINO,SD
2018-0131,2018-12-07,2018,12,19:10:00,-58.36860866,-34.60106568,AVENIDA,1,MOTO,CARGAS,1,CONDUCTOR,MASCULINO,29
2018-0132,2018-12-12,2018,12,08:26:00,-58.39490504,-34.57241534,AUTOPISTA,2,PEATON,CARGAS,1,PEATON,MASCULINO,70
2018-0133,2018-12-12,2018,12,14:07:00,-58.46963952,-34.63070603,AVENIDA,7,PEATON,CARGAS,1,PEATON,FEMENINO,60
2018-0134,2018-12-12,2018,12,21:00:00,-58.42349365,-34.64019887,AVENIDA,7,PEATON,MOTO,1,PEATON,MASCULINO,56
2018-0135,2018-12-18,2018,12,14:40:00,-58.37471802,-34.61265002,AVENIDA,1,PEATON,PASAJEROS,1,PEATON,MASCULINO,80
2018-0136,2018-12-18,2018,12,15:42:00,-58.46438789,-34.62913916,AVENIDA,7,PEATON,PASAJEROS,1,PEATON,FEMENINO,70
2018-0137,2018-12-18,2018,12,20:15:00,-58.38481975,-34.61100424,CALLE,1,MOTO,PASAJEROS,1,PASAJERO_ACOMPAÑANTE,MASCULINO,29
2018-0138,2018-12-21,2018,12,09:30:00,-58.50751833,-34.62073702,CALLE,10,PASAJEROS,PASAJEROS,1,PASAJERO_ACOMPAÑANTE,FEMENINO,79
2018-0139,2018-12-22,2018,12,06:30:00,-58.44682986,-34.63888084,CALLE,7,MOTO,MOTO,1,PASAJERO_ACOMPAÑANTE,MASCULINO,28
2018-0140,2018-12-22,2018,12,08:05:00,-58.3600465,-34.61381341,CALLE,1,AUTO,AUTO,1,CONDUCTOR,MASCULINO,78
2018-0141,2018-12-22,2018,12,17:40:00,-58.41509546,-34.62085945,AVENIDA,5,PEATON,MOTO,1,PEATON,MASCULINO,75
2018-0142,2018-12-25,2018,12,13:30:00,-58.50997604,-34.57251072,GRAL PAZ,12,CARGAS,PASAJEROS,1,PASAJERO_ACOMPAÑANTE,MASCULINO,32
2018-0143,2018-12-29,2018,12,05:25:00,-58.48606475,-34.64047818,AVENIDA,10,MOTO,AUTO,1,CONDUCTOR,MASCULINO,22
2019-0001,2019-01-08,2019,1,08:30:00,-58.38526125,-34.5780581,AVENIDA,2,MOTO,CARGAS,1,CONDUCTOR,MASCULINO,25
2019-0002,2019-01-09,2019,1,04:00:00,-58.45463662,-34.65082149,AVENIDA,7,AUTO,CARGAS,1,CONDUCTOR,MASCULINO,32
2019-0003,2019-01-12,2019,1,08:00:00,-58.49121672,-34.59718073,AVENIDA,15,MOTO,AUTO,1,CONDUCTOR,MASCULINO,23
2019-0004,2019-01-14,2019,1,19:58:00,-58.47325712,-34.65284605,AVENIDA,9,AUTO,PASAJEROS,1,CONDUCTOR,MASCULINO,71
2019-0005,2019-01-19,2019,1,12:00:00,-58.52108101,-34.63382309,AVENIDA,10,MOTO,CARGAS,1,CONDUCTOR,MASCULINO,43
2019-0006,2019-01-23,2019,1,05:45:00,-58.41652702,-34.55509606,AVENIDA,14,PEATON,AUTO,1,PEATON,FEMENINO,12
2019-0007,2019-01-26,2019,1,19:34:00,-58.42891604,-34.6107166,CALLE,5,MOTO,AUTO,1,CONDUCTOR,MASCULINO,35
2019-0008,2019-01-30,2019,1,22:45:00,-58.47802293,-34.69156793,GRAL PAZ,8,MOTO,MULTIPLE,1,CONDUCTOR,MASCULINO,42
2019-0009,2019-01-31,2019,1,14:55:00,-58.37564821,-34.62200207,AVENIDA,1,MOTO,AUTO,1,CONDUCTOR,MASCULINO,34
2019-0010,2019-02-02,2019,2,07:50:00,-58.42668489,-34.56961468,AVENIDA,14,PEATON,AUTO,2,PEATON,MASCULINO,SD
2019-0010,2019-02-02,2019,2,07:50:00,-58.42668489,-34.56961468,AVENIDA,14,PEATON,AUTO,2,PEATON,MASCULINO,59
2019-0011,2019-02-10,2019,2,01:00:00,-58.5183993,-34.66252488,GRAL PAZ,9,PEATON,AUTO,1,PEATON,MASCULINO,SD
2019-0012,2019-02-17,2019,2,03:16:00,-58.48432691,-34.67665828,AVENIDA,8,MOTO,AUTO,1,CONDUCTOR,MASCULINO,31
2019-0013,2019-02-20,2019,2,07:30:00,-58.4338383,-34.64457699,CALLE,7,PEATON,AUTO,1,PEATON,MASCULINO,39
2019-0014,2019-02-20,2019,2,17:30:00,-58.51664939,-34.58657938,CALLE,11,MOTO,OBJETO FIJO,1,CONDUCTOR,MASCULINO,69
2019-0015,2019-02-23,2019,2,06:57:00,-58.49613012,-34.59703502,AVENIDA,11,AUTO,OBJETO FIJO,1,CONDUCTOR,MASCULINO,21
2019-0016,2019-02-24,2019,2,02:00:00,-58.38313603,-34.63356284,CALLE,4,MOTO,PASAJEROS,1,CONDUCTOR,MASCULINO,40
2019-0017,2019-03-03,2019,3,07:00:00,-58.39914719,-34.61632317,CALLE,3,AUTO,PASAJEROS,1,CONDUCTOR,MASCULINO,22
2019-0018,2019-03-03,2019,3,23:30:00,-58.44927253,-34.54048625,AUTOPISTA,13,PEATON,AUTO,1,PEATON,FEMENINO,29
2019-0019,2019-03-06,2019,3,12:00:00,-58.45049163,-34.55374003,AVENIDA,13,MOTO,AUTO,1,CONDUCTOR,MASCULINO,SD
2019-0020,2019-03-07,2019,3,21:01:00,-58.41288952,-34.63572989,AVENIDA,5,MOTO,AUTO,1,CONDUCTOR,MASCULINO,43
2019-0021,2019-03-15,2019,3,22:50:00,-58.45743597,-34.62561234,AVENIDA,7,MOTO,AUTO,1,CONDUCTOR,MASCULINO,23
2019-0022,2019-03-15,2019,3,1900-01-02 00:00:00,-58.39123782,-34.62352245,AVENIDA,1,AUTO,SD,1,PASAJERO_ACOMPAÑANTE,MASCULINO,SD
2019-0023,2019-03-16,2019,3,08:28:00,-58.52922765,-34.63637963,GRAL PAZ,9,AUTO,OBJETO FIJO,1,CONDUCTOR,MASCULINO,34
2019-0024,2019-03-19,2019,3,1900-01-14 07:12:00,-58.37208118,-34.58541957,AVENIDA,1,MOTO,CARGAS,1,CONDUCTOR,MASCULINO,32
2019-0025,2019-03-22,2019,3,13:10:00,-58.41458534,-34.60937557,CALLE,5,PEATON,AUTO,1,PEATON,MASCULINO,27
2019-0026,2019-03-28,2019,3,07:32:00,-58.47976785,-34.69153196,AVENIDA,8,PEATON,PASAJEROS,1,PEATON,MASCULINO,SD
2019-0027,2019-03-28,2019,3,11:11:00,-58.39990285,-34.59511714,AVENIDA,2,BICICLETA,MULTIPLE,1,CICLISTA,MASCULINO,37
2019-0028,2019-04-06,2019,4,09:15:00,-58.46051346,-34.60588536,AVENIDA,11,PEATON,PASAJEROS,1,PEATON,FEMENINO,SD
2019-0029,2019-04-07,2019,4,10:15:00,-58.47976785,-34.69153196,AVENIDA,8,MOTO,OBJETO FIJO,1,CONDUCTOR,MASCULINO,27
2019-0030,2019-04-09,2019,4,16:00:00,-58.45457546,-34.62447891,CALLE,7,MOTO,CARGAS,1,CONDUCTOR,MASCULINO,25
2019-0031,2019-04-12,2019,4,19:55:00,-58.36951669,-34.59832047,AVENIDA,1,BICICLETA,CARGAS,1,CICLISTA,MASCULINO,20
2019-0032,2019-04-16,2019,4,11:00:00,-58.46415322,-34.6044379,AVENIDA,11,PEATON,AUTO,1,PEATON,FEMENINO,83
2019-0033,2019-04-18,2019,4,01:00:00,-58.36607137,-34.62150748,AUTOPISTA,1,MOTO,SD,1,CONDUCTOR,MASCULINO,25
2019-0034,2019-04-21,2019,4,09:08:00,-58.45537373,-34.65093074,AVENIDA,7,MOTO,OBJETO FIJO,1,CONDUCTOR,MASCULINO,SD
2019-0035,2019-04-23,2019,4,14:10:00,-58.37942637,-34.60053054,CALLE,1,PEATON,BICICLETA,1,PEATON,FEMENINO,75
2019-0036,2019-04-26,2019,4,22:46:00,-58.4368044,-34.62147504,CALLE,6,MOTO,AUTO,1,CONDUCTOR,MASCULINO,34
2019-0037,2019-05-01,2019,5,23:10:00,-58.40778291,-34.61971907,AVENIDA,3,MOTO,AUTO,1,CONDUCTOR,MASCULINO,17
2019-0038,2019-05-04,2019,5,14:10:00,-58.45212523,-34.54628513,AVENIDA,13,PEATON,MOTO,1,PEATON,FEMENINO,42
2019-0039,2019-05-09,2019,5,03:05:00,-58.46749188,-34.63551751,AVENIDA,7,MOTO,AUTO,1,CONDUCTOR,MASCULINO,28
2019-0040,2019-05-09,2019,5,12:45:00,-58.4426358,-34.63679732,CALLE,7,MOTO,SD,1,CONDUCTOR,MASCULINO,44
2019-0041,2019-05-11,2019,5,20:30:00,-58.51140289,-34.65846419,AVENIDA,9,AUTO,MULTIPLE,1,PASAJERO_ACOMPAÑANTE,FEMENINO,78
2019-0042,2019-05-14,2019,5,15:00:00,-58.38211431,-34.62465368,CALLE,1,PEATON,PASAJEROS,1,PEATON,MASCULINO,39
2019-0043,2019-05-21,2019,5,09:00:00,-58.36951669,-34.59832047,AVENIDA,1,BICICLETA,CARGAS,1,CICLISTA,FEMENINO,SD
2019-0044,2019-05-27,2019,5,12:45:00,-58.41635217,-34.62036547,AVENIDA,5,PEATON,MOTO,1,PEATON,FEMENINO,77
2019-0045,2019-06-03,2019,6,07:27:00,-58.41316147,-34.57579669,AVENIDA,14,MOTO,CARGAS,1,CONDUCTOR,MASCULINO,33
2019-0046,2019-06-04,2019,6,09:00:00,-58.47617802,-34.53825652,GRAL PAZ,13,MOTO,AUTO,1,PASAJERO_ACOMPAÑANTE,FEMENINO,26
2019-0047,2019-06-06,2019,6,10:00:00,-58.38641783,-34.63330028,AVENIDA,4,PEATON,CARGAS,1,PEATON,MASCULINO,76
2019-0048,2019-06-07,2019,6,07:00:00,-58.45322169,-34.62038137,AVENIDA,6,MOTO,CARGAS,1,CONDUCTOR,MASCULINO,32
2019-0049,2019-06-08,2019,6,09:20:00,-58.45849057,-34.56166498,CALLE,13,PEATON,CARGAS,1,PEATON,FEMENINO,72
2019-0050,2019-06-08,2019,6,23:35:00,-58.41829559,-34.59411677,AVENIDA,14,MOTO,CARGAS,1,CONDUCTOR,MASCULINO,21
2019-0051,2019-06-11,2019,6,10:00:00,-58.36376488,-34.63832093,CALLE,4,MOTO,AUTO,1,CONDUCTOR,MASCULINO,41
2019-0053,2019-06-14,2019,6,17:20:00,-58.46442668,-34.66004784,AVENIDA,8,AUTO,AUTO,1,PASAJERO_ACOMPAÑANTE,MASCULINO,49
2019-0054,2019-06-20,2019,6,03:00:00,-58.48222035,-34.58428769,CALLE,15,MOTO,OBJETO FIJO,1,CONDUCTOR,MASCULINO,21
2019-0055,2019-06-20,2019,6,19:45:00,-58.36819005,-34.60283208,AVENIDA,1,MOTO,PASAJEROS,1,CONDUCTOR,MASCULINO,47
2019-0056,2019-06-29,2019,6,17:16:00,-58.45877601,-34.62330939,AVENIDA,7,PEATON,AUTO,1,PEATON,FEMENINO,75
2019-0057,2019-07-05,2019,7,19:00:00,-58.44196498,-34.55760517,CALLE,13,PEATON,AUTO,1,PEATON,FEMENINO,63
2019-0058,2019-07-10,2019,7,09:20:00,-58.50622631,-34.63627822,AUTOPISTA,10,MOTO,PASAJEROS,1,CONDUCTOR,MASCULINO,39
2019-0059,2019-07-13,2019,7,22:35:00,-58.3841088,-34.63099197,CALLE,1,MOTO,PASAJEROS,1,CONDUCTOR,MASCULINO,30
2019-0060,2019-07-17,2019,7,11:20:00,-58.48100602,-34.63504312,AVENIDA,10,PEATON,AUTO,1,PEATON,FEMENINO,78
2019-0061,2019-07-17,2019,7,18:40:00,-58.45200171,-34.5578132,CALLE,13,PEATON,PASAJEROS,1,PEATON,FEMENINO,58
2019-0062,2019-08-01,2019,8,23:00:00,-58.44462132,-34.56201105,AVENIDA,13,PEATON,PASAJEROS,1,PEATON,FEMENINO,60
2019-0063,2019-08-04,2019,8,01:30:00,-58.45220688,-34.58711712,AVENIDA,15,MOTO,PASAJEROS,1,PASAJERO_ACOMPAÑANTE,MASCULINO,SD
2019-0064,2019-08-06,2019,8,03:15:00,-58.4596221,-34.6224514,AVENIDA,7,MOTO,AUTO,1,CONDUCTOR,MASCULINO,20
2019-0065,2019-08-08,2019,8,16:45:00,-58.4197085,-34.65414867,CALLE,4,PEATON,PASAJEROS,1,PEATON,FEMENINO,55
2019-0066,2019-08-11,2019,8,21:15:00,-58.44187596,-34.64938031,AVENIDA,7,PEATON,AUTO,1,PEATON,MASCULINO,40
2019-0067,2019-08-14,2019,8,15:00:00,-58.49101637,-34.64276621,CALLE,10,MOTO,CARGAS,1,CONDUCTOR,MASCULINO,35
2019-0068,2019-08-14,2019,8,17:40:00,-58.42493829,-34.66256502,AVENIDA,8,MOTO,MOTO,1,CONDUCTOR,MASCULINO,53
2019-0069,2019-08-17,2019,8,05:25:00,-58.40489318,-34.62930162,AVENIDA,4,MOTO,AUTO,1,CONDUCTOR,MASCULINO,43
2019-0070,2019-08-22,2019,8,12:30:00,-58.4268668,-34.59217875,AVENIDA,14,MOTO,BICICLETA,1,CONDUCTOR,MASCULINO,25
2019-0071,2019-08-27,2019,8,11:30:00,-58.479611,-34.65620398,AVENIDA,9,PEATON,CARGAS,1,PEATON,MASCULINO,SD
2019-0072,2019-08-28,2019,8,06:20:00,-58.47439934,-34.63524207,AVENIDA,10,AUTO,AUTO,1,CONDUCTOR,MASCULINO,22
2019-0073,2019-08-29,2019,8,01:50:00,-58.46711912,-34.57926018,AVENIDA,15,AUTO,OBJETO FIJO,1,CONDUCTOR,MASCULINO,29
2019-0074,2019-08-29,2019,8,09:00:00,-58.46514781,-34.53465378,AUTOPISTA,13,MOTO,CARGAS,1,CONDUCTOR,MASCULINO,35
2019-0075,2019-08-30,2019,8,23:20:00,-58.37571078,-34.65584079,CALLE,4,MOTO,PASAJEROS,1,CONDUCTOR,MASCULINO,31
2019-0076,2019-09-05,2019,9,18:00:00,-58.37157668,-34.65429986,AUTOPISTA,4,MOTO,CARGAS,1,CONDUCTOR,FEMENINO,29
2019-0077,2019-09-08,2019,9,03:40:00,-58.39811256,-34.58070186,AVENIDA,14,PEATON,AUTO,1,PEATON,FEMENINO,28
2019-0078,2019-09-12,2019,9,08:25:00,-58.41125934,-34.6541774,AVENIDA,4,PEATON,CARGAS,1,PEATON,FEMENINO,72
2019-0079,2019-09-17,2019,9,05:30:00,-58.41822901,-34.61866836,CALLE,5,MOTO,PASAJEROS,1,CONDUCTOR,MASCULINO,57
2019-0080,2019-09-17,2019,9,1900-01-04 18:40:00,-58.47617802,-34.53825652,GRAL PAZ,13,PEATON,MOTO,1,PEATON,MASCULINO,76
2019-0081,2019-09-23,2019,9,16:00:00,-58.46141281,-34.58623761,AVENIDA,15,PEATON,PASAJEROS,1,PEATON,MASCULINO,67
2019-0082,2019-09-25,2019,9,07:45:00,-58.42985146,-34.6611974,AVENIDA,8,BICICLETA,CARGAS,1,CICLISTA,MASCULINO,47
2019-0083,2019-09-26,2019,9,08:00:00,-58.48457413,-34.6583909,CALLE,9,AUTO,AUTO,1,CONDUCTOR,MASCULINO,73
2019-0084,2019-09-27,2019,9,11:45:00,-58.46572884,-34.63628186,CALLE,7,BICICLETA,CARGAS,1,CICLISTA,FEMENINO,40
2019-0085,2019-10-09,2019,10,22:18:00,-58.49261744,-34.6341913,CALLE,10,BICICLETA,TREN,1,CICLISTA,MASCULINO,20
2019-0086,2019-10-15,2019,10,14:10:00,-58.45283186,-34.5884156,AVENIDA,15,MOTO,PASAJEROS,1,CONDUCTOR,MASCULINO,29
2019-0087,2019-10-21,2019,10,21:00:00,-58.47973681,-34.57418656,AVENIDA,12,MOTO,MOTO,1,CONDUCTOR,MASCULINO,41
2019-0088,2019-10-22,2019,10,20:00:00,-58.40623949,-34.65076549,AVENIDA,4,PEATON,PASAJEROS,1,PEATON,MASCULINO,27
2019-0089,2019-10-23,2019,10,15:45:00,-58.36244648,-34.63107887,AVENIDA,4,PEATON,CARGAS,1,PEATON,FEMENINO,92
2019-0090,2019-10-24,2019,10,18:26:00,-58.49962423,-34.64868027,AVENIDA,9,PEATON,MOTO,1,PEATON,MASCULINO,67
2019-0091,2019-11-01,2019,11,20:50:00,-58.44551437,-34.59559816,AVENIDA,15,PEATON,PASAJEROS,1,PEATON,MASCULINO,35
2019-0092,2019-11-03,2019,11,10:30:00,-58.35608181,-34.63420319,CALLE,4,PEATON,PASAJEROS,1,PEATON,MASCULINO,37
2019-0093,2019-11-13,2019,11,11:50:00,-58.46483679,-34.60907662,AVENIDA,11,BICICLETA,OTRO,1,CICLISTA,MASCULINO,16
2019-0094,2019-11-18,2019,11,14:00:00,-58.44368628,-34.59724326,CALLE,15,MOTO,OTRO,1,PASAJERO_ACOMPAÑANTE,FEMENINO,SD
2019-0095,2019-11-20,2019,11,15:30:00,-58.37864583,-34.62907067,AUTOPISTA,1,MOTO,CARGAS,1,CONDUCTOR,MASCULINO,SD
2019-0096,2019-11-22,2019,11,19:33:00,-58.37560352,-34.62726382,AVENIDA,1,PEATON,PASAJEROS,1,PEATON,MASCULINO,73
2019-0097,2019-11-25,2019,11,08:50:00,-58.47721439,-34.64815069,AUTOPISTA,9,MOTO,MULTIPLE,1,PASAJERO_ACOMPAÑANTE,FEMENINO,23
2019-0098,2019-11-25,2019,11,14:00:00,-58.45134029,-34.58984288,AVENIDA,15,PASAJEROS,PASAJEROS,1,PASAJERO_ACOMPAÑANTE,FEMENINO,61
2019-0100,2019-12-05,2019,12,17:30:00,-58.49040794,-34.58368803,AVENIDA,12,MOTO,AUTO,1,CONDUCTOR,MASCULINO,38
2019-0101,2019-12-17,2019,12,04:20:00,-58.42102679,-34.64991178,AVENIDA,4,MOTO,MOTO,1,CONDUCTOR,MASCULINO,25
2019-0102,2019-12-17,2019,12,14:30:00,-58.52219407,-34.64143926,CALLE,9,MOTO,AUTO,1,CONDUCTOR,MASCULINO,18
2019-0103,2019-12-18,2019,12,SD,-58.52169422,-34.5947164,GRAL PAZ,11,MOTO,MOTO,1,CONDUCTOR,MASCULINO,24
2019-0104,2019-12-21,2019,12,04:25:00,-58.47460416,-34.63206174,AVENIDA,10,MOTO,AUTO,1,PASAJERO_ACOMPAÑANTE,FEMENINO,23
2019-0105,2019-05-05,2019,5,11:00:00,-58.50512382,-34.61520391,AVENIDA,10,PEATON,AUTO,1,PEATON,FEMENINO,82
2020-0001,2020-01-04,2020,1,10:40:00,-58.43910409,-34.59213355,CALLE,15,PEATON,AUTO,1,PEATON,FEMENINO,87
2020-0002,2020-01-05,2020,1,20:00:00,-58.45019436,-34.64646409,AVENIDA,7,MOTO,OBJETO FIJO,1,CONDUCTOR,MASCULINO,36
2020-0003,2020-01-11,2020,1,06:00:00,-58.39337644,-34.60927582,AVENIDA,3,PEATON,AUTO,1,PEATON,MASCULINO,44
2020-0004,2020-01-14,2020,1,21:40:00,-58.39055614,-34.60919284,AVENIDA,1,PEATON,PASAJEROS,1,PEATON,MASCULINO,82
2020-0005,2020-01-14,2020,1,06:00:00,-58.41036975,-34.62477021,AVENIDA,3,MOTO,PASAJEROS,1,CONDUCTOR,MASCULINO,25
2020-0006,2020-01-20,2020,1,12:55:00,-58.44925765,-34.65412546,AVENIDA,8,MOTO,CARGAS,1,CONDUCTOR,MASCULINO,23
2020-0007,2020-01-27,2020,1,00:37:00,-58.3815685,-34.61648696,CALLE,1,PEATON,MOTO,1,PEATON,MASCULINO,52
2020-0008,2020-01-30,2020,1,07:10:00,-58.40662899,-34.59804521,AVENIDA,2,MOTO,CARGAS,1,CONDUCTOR,MASCULINO,49
2020-0009,2020-02-04,2020,2,14:50:00,-58.41985649,-34.6060085,CALLE,5,PEATON,AUTO,1,PEATON,MASCULINO,48
2020-0010,2020-02-08,2020,2,05:45:00,-58.38099833,-34.62214953,AVENIDA,1,MOTO,OBJETO FIJO,1,CONDUCTOR,MASCULINO,SD
2020-0011,2020-02-12,2020,2,11:29:00,-58.41803309,-34.61823178,CALLE,5,MOTO,CARGAS,1,CONDUCTOR,MASCULINO,31
2020-0012,2020-02-18,2020,2,21:00:00,-58.40604003,-34.61783553,CALLE,3,PEATON,MOTO,1,PEATON,FEMENINO,66
2020-0013,2020-02-20,2020,2,12:00:00,-58.47549929,-34.57994061,AVENIDA,15,PEATON,MOTO,1,PEATON,FEMENINO,58
2020-0014,2020-02-27,2020,2,02:14:00,-58.51398484,-34.61600366,CALLE,11,MOTO,PASAJEROS,1,CONDUCTOR,MASCULINO,SD
2020-0015,2020-02-28,2020,2,14:30:00,-58.36797542,-34.62519403,AVENIDA,1,MOTO,PASAJEROS,1,CONDUCTOR,MASCULINO,29
2020-0016,2020-02-29,2020,2,13:00:00,-58.37133616,-34.59879316,AVENIDA,1,PEATON,PASAJEROS,1,PEATON,MASCULINO,68
2020-0017,2020-03-05,2020,3,23:00:00,-58.39613805,-34.61413568,AVENIDA,3,PEATON,AUTO,1,PEATON,MASCULINO,SD
2020-0018,2020-03-09,2020,3,14:00:00,-58.44903073,-34.54200276,AVENIDA,13,MOTO,OBJETO FIJO,1,CONDUCTOR,MASCULINO,31
2020-0019,2020-03-10,2020,3,21:00:00,-58.41972364,-34.6284667,CALLE,5,PEATON,AUTO,1,PEATON,FEMENINO,80
2020-0020,2020-03-13,2020,3,17:30:00,-58.40571596,-34.60557123,AVENIDA,3,PEATON,MOTO,1,PEATON,FEMENINO,74
2020-0021,2020-03-14,2020,3,16:50:00,-58.4145159,-34.59488319,CALLE,2,PEATON,AUTO,1,PEATON,FEMENINO,87
2020-0022,2020-04-07,2020,4,06:15:00,-58.47297505,-34.66245085,AUTOPISTA,9,AUTO,CARGAS,1,PASAJERO_ACOMPAÑANTE,MASCULINO,44
2020-0023,2020-04-09,2020,4,18:42:00,-58.35791192,-34.63695178,AVENIDA,4,AUTO,CARGAS,1,CONDUCTOR,MASCULINO,44
2020-0024,2020-04-24,2020,4,07:58:00,-58.50801713,-34.65177305,CALLE,9,AUTO,AUTO,1,CONDUCTOR,MASCULINO,53
2020-0025,2020-05-12,2020,5,05:35:00,-58.40258477,-34.60975108,AVENIDA,3,PEATON,AUTO,1,PEATON,MASCULINO,SD
2020-0026,2020-05-17,2020,5,06:40:00,0.0,0.0,AUTOPISTA,14,MOTO,OBJETO FIJO,1,CONDUCTOR,MASCULINO,28
2020-0027,2020-05-18,2020,5,08:00:00,-58.48267426,-34.68454456,AVENIDA,8,PEATON,CARGAS,1,PEATON,MASCULINO,76
2020-0028,2020-05-19,2020,5,10:00:00,-58.44248936,-34.60221948,AVENIDA,15,PEATON,PASAJEROS,1,PEATON,MASCULINO,91
2020-0029,2020-06-10,2020,6,14:00:00,-58.52909134,-34.63886726,GRAL PAZ,9,PEATON,PASAJEROS,1,PEATON,MASCULINO,80
2020-0030,2020-06-16,2020,6,15:00:00,-58.45158942,-34.6064658,AVENIDA,6,MOTO,MULTIPLE,1,CONDUCTOR,MASCULINO,40
2020-0031,2020-06-30,2020,6,08:00:00,-58.49344309,-34.65788529,AVENIDA,9,MOTO,CARGAS,1,CONDUCTOR,MASCULINO,29
2020-0032,2020-07-10,2020,7,23:00:00,-58.44259166,-34.59635137,AVENIDA,15,MOTO,AUTO,1,CONDUCTOR,MASCULINO,21
2020-0033,2020-07-19,2020,7,06:25:00,-58.46743471,-34.53476874,GRAL PAZ,13,AUTO,OBJETO FIJO,1,CONDUCTOR,MASCULINO,32
2020-0034,2020-08-02,2020,8,03:20:00,-58.41178158,-34.60922259,CALLE,3,PEATON,AUTO,1,PEATON,FEMENINO,SD
2020-0035,2020-08-04,2020,8,05:30:00,-58.45068621,-34.63638927,AUTOPISTA,7,MOTO,PASAJEROS,1,CONDUCTOR,MASCULINO,40
2020-0036,2020-08-07,2020,8,18:40:00,-58.42016954,-34.5877879,AVENIDA,14,PEATON,MOTO,1,PEATON,MASCULINO,72
2020-0037,2020-08-29,2020,8,04:30:00,-58.43850413,-34.65554754,AVENIDA,8,PEATON,AUTO,1,PEATON,MASCULINO,38
2020-0038,2020-08-30,2020,8,04:00:00,-58.40617526,-34.58345898,AVENIDA,14,AUTO,AUTO,2,CONDUCTOR,MASCULINO,46
2020-0038,2020-08-30,2020,8,04:00:00,-58.40617526,-34.58345898,AVENIDA,14,AUTO,AUTO,2,CONDUCTOR,MASCULINO,64
2020-0039,2020-09-01,2020,9,19:17:42,0.0,0.0,CALLE,9,PEATON,CARGAS,1,PEATON,MASCULINO,44
2020-0040,2020-09-12,2020,9,03:30:00,-58.38526125,-34.5780581,AVENIDA,2,AUTO,OBJETO FIJO,1,CONDUCTOR,MASCULINO,SD
2020-0041,2020-09-28,2020,9,01:45:00,-58.4475047,-34.63491705,AVENIDA,7,MOTO,PASAJEROS,1,CONDUCTOR,MASCULINO,34
2020-0042,2020-09-29,2020,9,17:10:00,-58.46745752,-34.68192648,AVENIDA,8,PEATON,PASAJEROS,1,PEATON,FEMENINO,53
2020-0043,2020-09-30,2020,9,17:20:00,-58.37202621,-34.59717942,AVENIDA,1,PEATON,PASAJEROS,1,PEATON,MASCULINO,64
2020-0044,2020-10-05,2020,10,00:20:00,-58.42779702,-34.62207347,AVENIDA,6,AUTO,AUTO,1,CONDUCTOR,MASCULINO,43
2020-0045,2020-10-19,2020,10,03:00:00,-58.46244952,-34.70524971,GRAL PAZ,8,AUTO,CARGAS,1,CONDUCTOR,MASCULINO,50
2020-0046,2020-10-27,2020,10,21:00:00,-58.4844016,-34.60776782,AVENIDA,11,MOTO,MOTO,1,CONDUCTOR,MASCULINO,41
2020-0047,2020-10-27,2020,10,14:00:00,-58.46668375,-34.65174801,AUTOPISTA,9,PEATON,CARGAS,1,PEATON,MASCULINO,15
2020-0048,2020-10-29,2020,10,20:20:00,-58.4495878,-34.59322448,AVENIDA,15,MOTO,OBJETO FIJO,1,CONDUCTOR,MASCULINO,41
2020-0049,2020-10-30,2020,10,20:00:00,-58.37533517,-34.59276462,AVENIDA,1,PEATON,AUTO,1,PEATON,MASCULINO,36
2020-0050,2020-11-01,2020,11,22:00:00,-58.42525456,-34.57866344,AVENIDA,14,PEATON,MOTO,1,PEATON,FEMENINO,28
2020-0051,2020-11-05,2020,11,00:40:00,-58.48493828,-34.62981124,AVENIDA,10,MOTO,AUTO,1,CONDUCTOR,MASCULINO,49
2020-0052,2020-11-07,2020,11,06:50:00,-58.40480504,-34.60183884,AVENIDA,3,BICICLETA,CARGAS,1,CICLISTA,MASCULINO,44
2020-0053,2020-11-09,2020,11,03:30:00,-58.41125934,-34.6541774,AVENIDA,4,AUTO,AUTO,1,PASAJERO_ACOMPAÑANTE,MASCULINO,27
2020-0054,2020-11-19,2020,11,09:00:00,-58.39956546,-34.6297708,CALLE,4,BICICLETA,AUTO,1,CICLISTA,MASCULINO,59
2020-0055,2020-11-19,2020,11,12:30:00,-58.49005682,-34.5786897,AVENIDA,12,PEATON,CARGAS,1,PEATON,MASCULINO,91
2020-0056,2020-11-21,2020,11,13:00:00,-58.47064556,-34.69843756,GRAL PAZ,8,MOTO,CARGAS,1,CONDUCTOR,FEMENINO,34
2020-0057,2020-11-23,2020,11,07:45:00,-58.4750156,-34.61945902,AVENIDA,11,PEATON,AUTO,1,PEATON,MASCULINO,84
2020-0058,2020-11-24,2020,11,16:00:00,-58.48727942,-34.63652467,AVENIDA,10,PEATON,AUTO,1,PEATON,MASCULINO,57
2020-0059,2020-12-01,2020,12,06:35:00,-58.3795169,-34.62794241,CALLE,1,PEATON,PASAJEROS,1,PEATON,FEMENINO,49
2020-0060,2020-12-03,2020,12,20:30:00,-58.47750832,-34.65672199,AVENIDA,9,PEATON,MOTO,1,PEATON,FEMENINO,69
2020-0061,2020-12-03,2020,12,14:40:00,-58.44927253,-34.54048625,AUTOPISTA,13,MOTO,CARGAS,1,CONDUCTOR,MASCULINO,45
2020-0062,2020-12-04,2020,12,17:19:00,-58.39246272,-34.61253541,CALLE,3,BICICLETA,PASAJEROS,1,CICLISTA,MASCULINO,47
2020-0063,2020-12-05,2020,12,07:10:00,-58.52783814,-34.61047001,CALLE,11,PEATON_MOTO,MOTO,2,PEATON,MASCULINO,38
2020-0063,2020-12-05,2020,12,07:10:00,-58.52783814,-34.61047001,CALLE,11,PEATON_MOTO,MOTO,2,PASAJERO_ACOMPAÑANTE,MASCULINO,21
2020-0065,2020-12-05,2020,12,16:00:00,-58.49332664,-34.54836855,GRAL PAZ,12,MOTO,AUTO,1,CONDUCTOR,MASCULINO,24
2020-0066,2020-12-07,2020,12,04:30:00,-58.50178784,-34.63593897,AUTOPISTA,10,MOTO,OBJETO FIJO,1,CONDUCTOR,MASCULINO,27
2020-0067,2020-12-11,2020,12,22:00:00,-58.41657793,-34.65476216,AVENIDA,4,PEATON,PASAJEROS,1,PEATON,MASCULINO,51
2020-0068,2020-12-12,2020,12,20:30:00,-58.39731474,-34.58307887,AVENIDA,2,MOTO,AUTO,1,CONDUCTOR,MASCULINO,71
2020-0069,2020-12-15,2020,12,05:20:00,-58.38746381,-34.61790839,AVENIDA,1,MOTO,PASAJEROS,1,PASAJERO_ACOMPAÑANTE,MASCULINO,25
2020-0070,2020-12-17,2020,12,15:35:00,-58.39189441,-34.59176378,AVENIDA,2,PEATON,PASAJEROS,1,PEATON,FEMENINO,81
2020-0071,2020-12-17,2020,12,23:00:00,-58.46749188,-34.63551751,AVENIDA,7,PEATON,AUTO,1,PEATON,MASCULINO,4
2020-0072,2020-12-19,2020,12,03:30:00,-58.40280471,-34.62113271,AVENIDA,3,BICICLETA,AUTO,1,CICLISTA,MASCULINO,42
2020-0073,2020-12-20,2020,12,07:40:00,-58.44451316,-34.68475866,AVENIDA,8,MOTO,OBJETO FIJO,1,CONDUCTOR,MASCULINO,56
2020-0074,2020-12-20,2020,12,21:00:00,-58.47110424,-34.62742408,AVENIDA,7,AUTO,AUTO,1,CONDUCTOR,MASCULINO,39
2020-0075,2020-12-23,2020,12,14:00:00,-58.38220928,-34.60373898,AVENIDA,1,PEATON,PASAJEROS,1,PEATON,MASCULINO,23
2020-0076,2020-12-24,2020,12,12:30:00,-58.49794468,-34.61565025,AVENIDA,10,AUTO,PASAJEROS,1,CONDUCTOR,FEMENINO,78
2020-0077,2020-12-25,2020,12,06:40:00,-58.47220945,-34.60111373,AVENIDA,15,MOTO,AUTO,2,CONDUCTOR,FEMENINO,30
2020-0077,2020-12-25,2020,12,06:40:00,-58.47220945,-34.60111373,AVENIDA,15,MOTO,AUTO,2,PASAJERO_ACOMPAÑANTE,FEMENINO,24
2020-0078,2020-12-25,2020,12,05:50:00,-58.43706741,-34.63217813,CALLE,7,BICICLETA,PASAJEROS,1,CICLISTA,MASCULINO,26
2020-0079,2020-12-27,2020,12,04:15:00,-58.49332664,-34.54836855,GRAL PAZ,12,MOTO,OBJETO FIJO,1,CONDUCTOR,MASCULINO,28
2021-0001,2021-01-06,2021,1,18:00:00,-58.37960727,-34.62622851,AUTOPISTA,1,MOTO,AUTO,1,CONDUCTOR,MASCULINO,36
2021-0002,2021-01-07,2021,1,10:20:00,-58.51061062,-34.64972472,AVENIDA,9,MOTO,CARGAS,1,CONDUCTOR,FEMENINO,47
2021-0003,2021-01-10,2021,1,07:40:00,-58.43052224,-34.62941648,AUTOPISTA,7,MOTO,OBJETO FIJO,1,CONDUCTOR,MASCULINO,27
2021-0004,2021-01-11,2021,1,09:12:18,-58.41455544,-34.63866836,AVENIDA,5,PEATON,CARGAS,1,PEATON,FEMENINO,61
2021-0005,2021-01-11,2021,1,21:30:00,-58.46774439,-34.64730145,AVENIDA,9,PEATON,AUTO,1,PEATON,MASCULINO,73
2021-0006,2021-01-12,2021,1,21:00:00,-58.40786274,-34.56726817,AUTOPISTA,14,MOTO,CARGAS,1,PASAJERO_ACOMPAÑANTE,FEMENINO,23
2021-0007,2021-01-18,2021,1,10:00:00,-58.48744301,-34.58622275,AVENIDA,15,MOTO,MOTO,1,CONDUCTOR,MASCULINO,84
2021-0008,2021-01-22,2021,1,23:30:00,-58.41657793,-34.65476216,AVENIDA,4,PEATON,PASAJEROS,1,PEATON,MASCULINO,28
2021-0009,2021-01-23,2021,1,05:30:00,-58.45351111,-34.61134937,AVENIDA,6,MOTO,OBJETO FIJO,1,CONDUCTOR,MASCULINO,31
2021-0010,2021-01-23,2021,1,08:00:00,-58.5007381,-34.5497951,GRAL PAZ,12,MOTO,AUTO,1,CONDUCTOR,MASCULINO,28
2021-0011,2021-01-27,2021,1,01:04:26,-58.39144148,-34.59564871,AVENIDA,2,PEATON,AUTO,1,PEATON,MASCULINO,21
2021-0012,2021-01-29,2021,1,20:07:22,-58.48191128,-34.68385968,AUTOPISTA,8,PEATON,AUTO,1,PEATON,MASCULINO,SD
2021-0013,2021-01-31,2021,1,06:10:00,-58.48727942,-34.63652467,AVENIDA,10,MOTO,OBJETO FIJO,1,CONDUCTOR,MASCULINO,41
2021-0014,2021-02-02,2021,2,00:50:00,-58.48328708,-34.59779521,AVENIDA,15,PEATON,AUTO,1,PEATON,MASCULINO,28
2021-0015,2021-02-06,2021,2,03:05:00,-58.49018543,-34.5972499,AVENIDA,15,MOTO,OBJETO FIJO,1,CONDUCTOR,MASCULINO,26
2021-0016,2021-02-14,2021,2,05:50:00,-58.47230127,-34.68482689,AVENIDA,8,AUTO,OBJETO FIJO,1,CONDUCTOR,MASCULINO,22
2021-0017,2021-02-17,2021,2,04:10:00,-58.38262614,-34.63168269,AVENIDA,1,MOTO,PASAJEROS,1,CONDUCTOR,MASCULINO,33
2021-0018,2021-02-20,2021,2,19:00:00,-58.41047268,-34.60793518,CALLE,3,PEATON,AUTO,1,PEATON,MASCULINO,36
2021-0019,2021-02-21,2021,2,01:20:00,-58.49659234,-34.56353635,AVENIDA,12,MOTO,OBJETO FIJO,1,CONDUCTOR,MASCULINO,30
2021-0020,2021-02-21,2021,2,15:00:00,-58.42462955,-34.60727189,CALLE,5,PEATON,CARGAS,1,PEATON,FEMENINO,SD
2021-0021,2021-02-26,2021,2,05:30:00,-58.41168345,-34.61185625,CALLE,3,MOTO,OBJETO FIJO,1,CONDUCTOR,MASCULINO,39
2021-0022,2021-02-28,2021,2,12:00:00,-58.45157681,-34.55217303,AVENIDA,13,PASAJEROS,SD,1,PASAJERO_ACOMPAÑANTE,MASCULINO,68
2021-0023,2021-03-01,2021,3,09:20:00,0.0,0.0,AUTOPISTA,4,MOTO,CARGAS,1,CONDUCTOR,MASCULINO,24
2021-0024,2021-03-03,2021,3,16:30:00,-58.49573651,-34.67006054,AVENIDA,9,BICICLETA,CARGAS,1,CICLISTA,MASCULINO,5
2021-0025,2021-03-11,2021,3,03:45:00,-58.48695354,-34.68795245,GRAL PAZ,8,MOTO,OTRO,1,CONDUCTOR,MASCULINO,37
2021-0026,2021-03-15,2021,3,02:35:00,-58.37562539,-34.64449357,AUTOPISTA,4,MOTO,OBJETO FIJO,1,CONDUCTOR,MASCULINO,36
2021-0027,2021-03-16,2021,3,15:30:00,-58.49491054,-34.54795581,GRAL PAZ,12,MOTO,CARGAS,1,CONDUCTOR,FEMENINO,19
2021-0028,2021-03-29,2021,3,17:20:00,-58.44147621,-34.64357704,AVENIDA,7,PEATON,PASAJEROS,1,PEATON,MASCULINO,SD
2021-0029,2021-03-31,2021,3,18:05:00,-58.46899119,-34.63215432,AVENIDA,7,AUTO,AUTO,1,CONDUCTOR,MASCULINO,26
2021-0030,2021-04-03,2021,4,18:30:00,-58.38685612,-34.63455776,CALLE,4,PEATON,PASAJEROS,1,PEATON,MASCULINO,36
2021-0031,2021-04-07,2021,4,10:29:00,-58.38113667,-34.61765323,AVENIDA,1,PEATON,CARGAS,1,PEATON,FEMENINO,68
2021-0032,2021-04-10,2021,4,19:55:00,-58.44112678,-34.54538956,AUTOPISTA,13,PEATON,MOTO,1,PEATON,MASCULINO,60
2021-0033,2021-04-14,2021,4,17:50:00,-58.41595919,-34.62743346,AUTOPISTA,5,AUTO,OBJETO FIJO,1,CONDUCTOR,MASCULINO,33
2021-0034,2021-04-19,2021,4,14:40:00,-58.40184094,-34.64546845,AVENIDA,4,MOTO,CARGAS,1,PASAJERO_ACOMPAÑANTE,FEMENINO,26
2021-0035,2021-05-03,2021,5,09:20:00,-58.44642231,-34.65679806,AVENIDA,8,MOTO,CARGAS,1,CONDUCTOR,MASCULINO,24
2021-0036,2021-05-09,2021,5,06:00:00,-58.52340614,-34.59798754,GRAL PAZ,11,MOTO,OBJETO FIJO,1,CONDUCTOR,MASCULINO,36
2021-0037,2021-05-11,2021,5,07:10:00,-58.46649069,-34.56219075,AVENIDA,13,PEATON,PASAJEROS,1,PEATON,FEMENINO,58
2021-0038,2021-05-14,2021,5,11:40:00,-58.42653328,-34.57816791,AVENIDA,14,MOTO,CARGAS,1,CONDUCTOR,FEMENINO,44
2021-0039,2021-05-15,2021,5,12:09:00,-58.50407099,-34.65303372,AVENIDA,9,BICICLETA,AUTO,1,CICLISTA,MASCULINO,86
2021-0040,2021-05-20,2021,5,05:50:00,-58.46743471,-34.53476874,GRAL PAZ,13,MOTO,AUTO,1,CONDUCTOR,MASCULINO,27
2021-0041,2021-05-20,2021,5,08:30:00,-58.40986646,-34.5772806,AVENIDA,14,PEATON,PASAJEROS,1,PEATON,MASCULINO,75
2021-0042,2021-05-21,2021,5,05:00:00,-58.51739138,-34.63931792,AVENIDA,9,PEATON,PASAJEROS,1,PEATON,MASCULINO,39
2021-0043,2021-05-22,2021,5,18:26:00,-58.50719962,-34.65556223,AVENIDA,9,PEATON,AUTO,1,PEATON,MASCULINO,50
2021-0044,2021-05-25,2021,5,02:00:00,-58.46712311,-34.64600222,AVENIDA,9,MOTO,OBJETO FIJO,1,PASAJERO_ACOMPAÑANTE,MASCULINO,21
2021-0045,2021-05-26,2021,5,17:24:00,-58.37709334,-34.64035082,AUTOPISTA,4,MOTO,MULTIPLE,1,CONDUCTOR,MASCULINO,22
2021-0046,2021-05-31,2021,5,02:00:00,-58.46033141,-34.58569883,AVENIDA,15,AUTO,OBJETO FIJO,1,PASAJERO_ACOMPAÑANTE,MASCULINO,20
2021-0047,2021-06-02,2021,6,16:00:00,-58.42190745,-34.65633192,AVENIDA,4,MOTO,AUTO,1,CONDUCTOR,MASCULINO,59
2021-0048,2021-06-03,2021,6,09:58:00,-58.49026573,-34.5698141,AVENIDA,12,BICICLETA,AUTO,1,CICLISTA,MASCULINO,44
2021-0049,2021-06-03,2021,6,20:30:00,-58.45410344,-34.66902702,AVENIDA,8,AUTO,AUTO,1,CONDUCTOR,MASCULINO,74
2021-0050,2021-06-10,2021,6,13:30:00,-58.44751621,-34.55719892,AVENIDA,13,MOTO,PASAJEROS,1,CONDUCTOR,MASCULINO,56
2021-0051,2021-06-15,2021,6,19:20:00,-58.42040352,-34.66005171,AVENIDA,4,PEATON,CARGAS,1,PEATON,MASCULINO,73
2021-0052,2021-06-20,2021,6,05:40:00,-58.49530249,-34.68010798,GRAL PAZ,8,MOTO,OBJETO FIJO,1,PASAJERO_ACOMPAÑANTE,FEMENINO,19
2021-0053,2021-06-20,2021,6,12:00:00,-58.44399875,-34.5947736,AVENIDA,15,PEATON,BICICLETA,1,PEATON,MASCULINO,58
2021-0054,2021-06-22,2021,6,14:44:00,-58.42759813,-34.65463857,CALLE,4,MOTO,CARGAS,1,CONDUCTOR,MASCULINO,41
2021-0055,2021-06-29,2021,6,12:20:00,-58.40547222,-34.60456293,AVENIDA,3,MOTO,CARGAS,1,PASAJERO_ACOMPAÑANTE,MASCULINO,47
2021-0056,2021-07-09,2021,7,23:25:00,-58.42473018,-34.6500828,AVENIDA,4,BICICLETA,AUTO,1,CICLISTA,MASCULINO,60
2021-0057,2021-07-10,2021,7,23:30:00,-58.39257023,-34.57563957,AUTOPISTA,2,AUTO,OBJETO FIJO,1,CONDUCTOR,MASCULINO,46
2021-0058,2021-07-21,2021,7,00:40:00,-58.48941042,-34.54596153,GRAL PAZ,12,PEATON,AUTO,1,PEATON,MASCULINO,24
2021-0059,2021-07-22,2021,7,01:20:00,-58.3964074,-34.62783085,AVENIDA,3,AUTO,OBJETO FIJO,1,PASAJERO_ACOMPAÑANTE,FEMENINO,44
2021-0060,2021-07-22,2021,7,12:30:00,-58.41971993,-34.6111224,AVENIDA,5,PEATON,PASAJEROS,1,PEATON,FEMENINO,80
2021-0061,2021-07-24,2021,7,09:15:00,-58.40544588,-34.65012801,AVENIDA,4,PEATON,CARGAS,1,PEATON,FEMENINO,55
2021-0062,2021-07-27,2021,7,07:16:00,-58.42003882,-34.64645957,AVENIDA,4,AUTO,CARGAS,1,CONDUCTOR,MASCULINO,73
2021-0063,2021-08-02,2021,8,04:40:00,-58.46851293,-34.63348678,AVENIDA,7,AUTO,AUTO,1,PASAJERO_ACOMPAÑANTE,FEMENINO,31
2021-0064,2021-08-02,2021,8,20:00:00,-58.52931141,-34.65422917,GRAL PAZ,9,PEATON,CARGAS,1,PEATON,MASCULINO,37
2021-0065,2021-08-06,2021,8,08:30:00,-58.42675754,-34.6269973,AVENIDA,6,PEATON,PASAJEROS,1,PEATON,FEMENINO,63
2021-0066,2021-08-06,2021,8,20:00:00,-58.52933723,-34.61098186,AVENIDA,11,PEATON,PASAJEROS,1,PEATON,MASCULINO,59
2021-0067,2021-08-08,2021,8,09:29:00,-58.37910943,-34.62764718,AUTOPISTA,1,MOTO,OBJETO FIJO,1,CONDUCTOR,MASCULINO,27
2021-0068,2021-08-15,2021,8,06:10:00,-58.52161176,-34.61164474,AVENIDA,11,MOTO,OBJETO FIJO,1,CONDUCTOR,MASCULINO,39
2021-0069,2021-08-20,2021,8,17:15:00,-58.41354692,-34.5869768,AVENIDA,14,PEATON,AUTO,1,PEATON,MASCULINO,17
2021-0070,2021-08-28,2021,8,08:30:00,-58.43960781,-34.65470804,AVENIDA,8,MOTO,CARGAS,1,CONDUCTOR,MASCULINO,31
2021-0071,2021-08-31,2021,8,16:00:00,-58.4045461,-34.60003693,CALLE,3,PEATON,MOTO,1,PEATON,MASCULINO,88
2021-0072,2021-09-01,2021,9,19:10:00,-58.39303911,-34.59871111,AVENIDA,2,PEATON,AUTO,1,PEATON,FEMENINO,57
2021-0073,2021-09-18,2021,9,12:20:00,-58.39391034,-34.58405348,AVENIDA,2,BICICLETA,AUTO,1,CICLISTA,FEMENINO,76
2021-0074,2021-09-20,2021,9,15:00:00,-58.5007381,-34.5497951,GRAL PAZ,12,MOTO,MULTIPLE,1,CONDUCTOR,MASCULINO,55
2021-0075,2021-09-21,2021,9,14:30:00,-58.38281301,-34.62786038,CALLE,1,PEATON,CARGAS,1,PEATON,MASCULINO,65
2021-0076,2021-10-16,2021,10,06:15:00,-58.43980799,-34.65094083,AVENIDA,7,MOTO,OBJETO FIJO,1,CONDUCTOR,MASCULINO,31
2021-0077,2021-10-18,2021,10,07:20:00,-58.44402387,-34.62933109,AVENIDA,6,MOTO,CARGAS,1,CONDUCTOR,FEMENINO,31
2021-0078,2021-10-23,2021,10,06:35:00,-58.42779702,-34.62207347,AVENIDA,6,MOTO,PASAJEROS,1,CONDUCTOR,MASCULINO,22
2021-0079,2021-10-25,2021,10,03:30:00,-58.40944147,-34.60097942,CALLE,3,PEATON,AUTO,1,PEATON,MASCULINO,SD
2021-0080,2021-10-28,2021,10,16:16:00,-58.38277479,-34.5943016,AVENIDA,1,MOTO,AUTO,1,CONDUCTOR,MASCULINO,32
2021-0081,2021-11-02,2021,11,13:35:00,-58.37627355,-34.63800916,AUTOPISTA,4,MOTO,CARGAS,1,CONDUCTOR,MASCULINO,26
2021-0082,2021-11-06,2021,11,04:39:00,-58.39591856,-34.62453459,AUTOPISTA,3,MOTO,AUTO,1,CONDUCTOR,MASCULINO,38
2021-0083,2021-11-09,2021,11,00:35:00,-58.45829717,-34.56015762,AVENIDA,13,MOTO,AUTO,1,CONDUCTOR,MASCULINO,30
2021-0084,2021-11-11,2021,11,03:00:00,-58.49142611,-34.64584795,AVENIDA,9,AUTO,OBJETO FIJO,1,CONDUCTOR,MASCULINO,32
2021-0085,2021-11-20,2021,11,18:30:00,-58.51271409,-34.57786555,GRAL PAZ,12,MOTO,OBJETO FIJO,1,CONDUCTOR,MASCULINO,49
2021-0086,2021-11-25,2021,11,10:10:00,-58.44864864,-34.62352826,AVENIDA,6,PEATON,PASAJEROS,1,PEATON,MASCULINO,75
2021-0087,2021-11-27,2021,11,11:22:00,-58.37795815,-34.59167894,CALLE,1,PEATON,BICICLETA,1,PEATON,FEMENINO,73
2021-0088,2021-12-01,2021,12,15:40:00,-58.45531707,-34.55555257,CALLE,13,MOTO,AUTO,1,CONDUCTOR,MASCULINO,45
2021-0089,2021-12-02,2021,12,01:10:00,-58.47633683,-34.62140594,AVENIDA,11,MOTO,AUTO,1,CONDUCTOR,MASCULINO,41
2021-0090,2021-12-10,2021,12,11:45:00,-58.38188582,-34.60256036,AVENIDA,1,PEATON,PASAJEROS,1,PEATON,MASCULINO,73
2021-0091,2021-12-11,2021,12,23:00:00,-58.51989389,-34.62284918,CALLE,10,MOTO,AUTO,1,CONDUCTOR,MASCULINO,24
2021-0092,2021-12-12,2021,12,06:20:00,-58.4059686,-34.61011987,AVENIDA,3,PEATON,AUTO,1,PEATON,FEMENINO,50
2021-0093,2021-12-13,2021,12,17:10:00,-58.43353773,-34.64561636,AVENIDA,7,MOTO,AUTO,1,PASAJERO_ACOMPAÑANTE,FEMENINO,18
2021-0094,2021-12-20,2021,12,01:10:00,-58.46739825,-34.65117757,AUTOPISTA,9,MOTO,AUTO,1,PASAJERO_ACOMPAÑANTE,FEMENINO,43
2021-0095,2021-12-30,2021,12,00:43:00,-58.47293407,-34.61984745,AVENIDA,11,MOTO,CARGAS,1,CONDUCTOR,MASCULINO,27
2021-0096,2021-12-15,2021,12,10:30:00,-58.47066794,-34.65021673,AVENIDA,9,AUTO,CARGAS,1,CONDUCTOR,MASCULINO,60
2021-0097,2021-11-18,2021,11,06:10:00,-58.37976155,-34.58679619,CALLE,1,BICICLETA,AUTO,1,CICLISTA,MASCULINO,53
